id	offset	max_bytes	original_ja	translation_zh
0	0x000280	40	しつこい奴だな！WNとっとと向こうへ行け！	
1	0x0002a9	70	この村はイズモの村GN葦原中国の中でも指折りの大きな平野を持つ、豊かC003	
2	0x0002f0	10	な村ですわ	
3	0x0002fb	64	となりの村はタギシの村GN昔からこのイズモの村とは仲のよい村ですわ	
4	0x00033c	52	タギシの長に事情を話せば力を貸してくれると思いますよ	
5	0x000371	64	最近この村の長のタケヒラトリは様子がおかしい…GNまるで何かにC007	
6	0x0003b2	58	憑かれてしまったような…GXいったい何が起こるのだろうなあ…	
7	0x0003ed	67	この村の東にタギシという小さな村があるGこのイズモとも以前は仲がC009	
8	0x000431	70	よい村だったのだが、最近タケヒラトリ様はタギシを攻める準備をしていC010	
9	0x000478	52	るらしいのだGNどうしてこうなってしまったのだろうか…	
10	0x0004ad	65	これでタギシの村と争わずに済んだわけだGしかしこれからも各地でC012	
11	0x0004ef	28	争いが起こるのであろうなあ…	
12	0x00050c	43	早く争いのない世の中になるといいですなU様！	
13	0x000538	70	タギシの村はこのイズモと比べて、かなり小さな村だGNこのイズモが攻めC015	
14	0x00057f	66	ればひとたまりもないだろうGNただ昔はお互いに助け合ってきたのだが…	
15	0x0005c2	70	すべての村をひとつにまとめるには、武力だけでは難しいでしょうGX村のC017	
16	0x000609	62	長の中には話し合いに応じない者もいるでしょうが、まず話をすC018	
17	0x000648	58	ることですGN戦争をすれば大切な人の命が失われるのですから…	
18	0x000683	56	これからは、皆でよい世の中にするためにがんばりましょう！	
19	0x0006bc	29	この老人の話を聞きたいのか？Y	
20	0x0006da	68	そうか…　Wしかし破壊神スサノオの復活がささやかれているようじゃNC022	
21	0x00071f	14	注意なされよ…	
22	0x0007ba	70	じゃGX一人は光、そして創造の神アマテラスWN一人は闇、そして破壊の神C026	
23	0x000848	69	は増えていったGXしかし、Wある時スサノオはアマテラス様に反乱を起こC028	
24	0x00088e	70	したのじゃGX二人の争いは長きに渡り、世界は乱れに乱れたGNやがて激しC029	
25	0x0008d5	70	い争いの果てにスサノオは力尽き、地中深くに閉じ込められたのじゃGX世C030	
26	0x0009ef	70	うとしている者もいるそうじゃ…GX欲深い者達のために本当にスサノオがC034	
27	0x000a36	44	よみがえり世界が滅びてしまうかもしれんのう…	
28	0x000a63	15	…WU様ですか？Y	
29	0x000a73	31	そうですか…W　人違いだったか…	
30	0x000a93	70	私はこの村の武人のタケミナカタと申すものですGN妙な事を言うようですC038	
31	0x000ada	70	が、実は先日私の夢枕に光に包まれた女神が現れたのですGXそしてこの村C039	
32	0x000b21	69	を訪れるUという若者を助け、イズモをその若者に譲り渡すように、といC040	
33	0x000b67	70	うお告げを受けたのですGXそれで今日あなたの顔を見て、この人ではと、C041	
34	0x000bae	70	声をかけたのですGXところであなたにお会いできたら、この村の長のタケC042	
35	0x000bf5	70	ヒラトリの所にお連れしようと思っていたのですが…GXW…W実はタケヒラC043	
36	0x000c3c	70	トリは最近様子がおかしいのですGX以前は民のためによく尽くす方でしたC044	
37	0x000c83	69	GNしかし、W黄泉の国に続くという洞窟にスサノオの噂を確かめに行くとC045	
38	0x000cc9	58	出かけてから、人が変わってしまったのですGXまるで何かにC046	
39	0x000d04	64	取り憑かれたように争いを好んで…GN最近では仲のよかったタギシC047	
40	0x000d45	62	の村を攻め取るなどと言い出して…GXW…Wとにかく長の所に行きC048	
41	0x000d84	67	ましょうGNもし…　Wいざという時は私が命にかけてあなたをお守りします	
42	0x000dd1	69	フフフ…　WとうとうやってきたなNUよ！GXこの葦原中国を救いに来たつC051	
43	0x000e17	69	もりだろうがWスサノオ様の邪魔をさせる訳にはいかんぞGXもうすぐこのC052	
44	0x000e5d	69	世界は大戦乱になり、スサノオ様が復活するのだ！GXさあ、Uよここで消C053	
45	0x000ea3	16	えてもらおうか！	
46	0x000eb4	70	うっW…W…W…GN私はどうしていたのか…WNしかし、W心を覆っていたものC055	
47	0x000f28	62	もう手遅れのようです…GN本当は平和を望むよいお方であったのに…	
48	0x000f67	70	こうなった以上はあなたを信じていくしかありません…GNどうかこのイズC058	
49	0x000fae	70	モの指導者となってくださいGXそしてこれからは大国主として、この葦原C059	
50	0x000ff5	70	中国を破滅から救ってください！GXさあ、みんな持ち場に付けWNこれからC060	
51	0x00103c	35	はU様の下で世界を救うために働こう！	
52	0x001060	70	さあ、U様Nまずはこのイズモを強い国に育てて、すべての足掛りとしてくC062	
53	0x0010ae	70	村への命令は村の中央にある大きな家の中で、いつでも行なえるようになC064	
54	0x0010f5	70	っていますGX一年の方針を定めて、それに従って効率良く命令を出してくC065	
55	0x00113c	70	ださいGNまずは一通りの命令を見てくださいGX当面イズモでは稲作が始まC066	
56	0x001183	70	っているので、この強化をするなど食料供給の安定に努めてくださいGX食C067	
57	0x0011ca	70	料の供給は人口を増やすために一番重要なことですので、肝に銘じておいC068	
58	0x001211	70	てくださいGX食料供給が安定し、人口が増えて村の力が強くなっても、戦C069	
59	0x001258	66	争は人口の大きな減少につながりますGN他の村の長と話し合いをしてC070	
60	0x00129b	70	それでもだめな場合の最後の手段としてくださいGN無駄な血を流してはいC071	
61	0x0012e2	70	けませんGX大体理解していただけましたか？GNなんでしたらもう一度説明C072	
62	0x001329	15	しましょうか？Y	
63	0x001339	55	それでは私もU様の仲間として、一緒に働かせていただきます	
64	0x001371	38	F005タケミナカタが仲間に加わった！F007	
65	0x001398	69	この村には鍛冶屋があるんだよN鉄鉱や銅鉱などを手に入れたら、武器やC076	
66	0x0013de	68	防具にしてもらえるよGNただ鍛冶の技術力が高い村じゃないとよい物はC077	
67	0x001423	14	作れないかもね	
68	0x001432	69	ほっほっほっW　まったく米というものはおいしいものじゃのうGN長生きC079	
69	0x001478	16	してよかったわい	
70	0x001489	59	ああ…W　戦争は嫌だなあ…GN兵士になんかなるんじゃなかったよ	
71	0x0014c5	70	戦争をしないでよくなったんですね！GNこれからは平和を守る兵士になりC082	
72	0x001513	23	さあ、行きましょうU様！	
73	0x00152b	36	私は横の兵士を相手しますNU様は長を！	
74	0x001550	70	すべての村が豊かにならなければ、スサノオの力は弱まらないといいますC086	
75	0x001597	70	ぞGX新たに村を手に入れたら、まずはその村の経営を行なって、人口が増C087	
76	0x0015de	32	えるように指導を行なうことですな	
77	0x00168d	38	他の村の宝物庫に入ると怒られますけどね	
78	0x001848	56	y8y痒ここはタギシの村だNここから東に行くとスガの村がある	
79	0x001881	44	しかし最近は物騒で村の行き来もままならんよ…	
80	0x0018ae	70	わしらが安心して行き来できるような平和な世の中にしてくださいよ！WNC003	
81	0x0018fb	63	イズモの村では長のタケヒラトリが倒れたらしいが、それは本当か？Y	
82	0x00193b	60	そうか、これでこの村も攻められないですむ…GN戦争などしてC006	
83	0x001978	32	いる余裕はこの村にはないからのう	
84	0x001999	65	そうか…　Wそれではいよいよイズモが攻めてくるのか…GN困ったのう…	
85	0x0019db	69	これからはまたイズモと仲良くできるわけですなGNこれもU様のおかげでC009	
86	0x001a24	69	このタギシの村では狩りが盛んだNなにせ山に囲まれているからなGNしかC011	
87	0x001a6a	70	し、山の幸が少ない年などは冬に食料がなくなり、困ってしまうのだGXこC012	
88	0x001ab1	42	の村でも米を作ることができればよいのだが…	
89	0x001adc	70	これからはこの村にも大勢の人が住めるように、良い指導をお願いしますC014	
90	0x001b23	36	よGN私達もお役に立って見せますから！	
91	0x001b48	34	今日の猟も幸に恵まれるといいですな	
92	0x001b6b	70	私達の食べ物は山での狩猟、W海での漁労、W木の実などを拾う採集、そしC017	
93	0x001bb2	70	て稲を育てる稲作の四つで賄われていますGXそれぞれの村はその土地の特C018	
94	0x001bf9	46	徴に会わせて食料の生産を行なっているようですよ	
95	0x001c28	70	イズモが攻めてくるんじゃ、猟もしてられないなGNまったく困ったもんだC020	
96	0x001c6f	56	よGN動物を射るのはまだしょうがないけど、人を射るのはね…	
97	0x001ca8	64	昨日も獲物が捕れなかったんだ…GNこのままじゃ、冬を越せるか心C022	
98	0x001cf0	70	今日は三頭も鹿をしとめたんだGNまあ、おれの腕のおかげではあるけれどC024	
99	0x001d37	20	もありがたいことだよ	
100	0x001d4c	70	おや…W　あなたが大国主のU様ですかGN噂ではあのタケヒラトリを倒したC026	
101	0x001d93	22	とお聞きしていますが…	
102	0x001daa	60	SUF005は今までの事情をタギシの長のヒノカタビコに話した…F007	
103	0x001de7	68	そうですか、Wタケヒラトリはスサノオに…WそういうことだったのですC029	
104	0x001e2c	70	か…GX以前はこのタギシの村とイズモは仲がよかったのですGNしかし最近C030	
105	0x001f00	70	に済んだわけですなGNそれでは、WこれからはこのタギシもU様におまかせC033	
106	0x001f47	70	することにしましょうGXこの世界から争いをなくすためにはあなたのようC034	
107	0x001fd1	24	めるよい村にしましょう！	
108	0x001fea	35	SF005タギシの村を譲り受けた！！F007	
109	0x00200e	68	それでは少し準備がありますので、外でお待ちくださいGN村人の話でもC038	
110	0x002053	38	聞いて、それからでもまたおいでください	
111	0x00207a	59	おや？W　見なれぬ顔のお客様じゃのGNスクナビコナ様についC040	
112	0x0020b6	19	て知りたいのかい？Y	
113	0x0020ca	58	そうかい、それならわしには用はないじゃろうGN帰った、帰った	
114	0x002105	68	それじゃあ、話をしてあげようかのうGXこのスクナビコナという道具にC043	
115	0x00214a	70	は小さな小さな神様が宿っておるのじゃGNそしてこの神様は作物の実りをC044	
116	0x002191	69	司っておるWだからこの神様にお願いをすれば作物の豊作が約束されるとC045	
117	0x0021d7	70	いうわけじゃGXしかし、お願いは一回きりしか聞いてくれんので、今までC046	
118	0x00221e	68	誰もお願いする者はいなかったというわけじゃGXまあ、こんな話を信じC047	
119	0x002263	70	るかはおぬし次第じゃがのうGXそれじゃ、帰った帰ったGNわしはもう眠くC048	
120	0x0022aa	18	なってしまったわい	
121	0x0022c0	49	おや？　WまたおまえさんかいGN今日は何の用じゃな？	
122	0x0022f2	32	SUF005は事情を老人に話した…F007	
123	0x002313	68	ふむふむ…　Wそうか…WNそういう訳じゃったのか…GXううむ…W…W…WNC53	
124	0x002358	69	よし！W　世界を救うという大国主様のためなら仕方がありませんなGNこC054	
125	0x00239e	70	のスクナビコナをお譲りしましょうGXわしが後生大事に持っていても何にC055	
126	0x0023e5	55	もならないのですからなGNさあ、持って行ってくだされU様！	
127	0x002420	62	それではすぐにスガの村に行き、村の中でスクナビコナを使ってC058	
128	0x00245f	59	くだされGXお願いすればきっと聞いてくれるはずじゃWうまくC059	
129	0x00249b	70	いったらこの爺にも知らせてくだされGXこれを持っていたのはいいが、使C060	
130	0x0024e2	70	ったことはなかったのでな…WN本当に神様がいるのか知りたいのじゃよGXC061	
131	0x002529	33	わっはっはっ　Wさあ、お行きなされ	
132	0x00254b	29	良い知らせを待ってますぞU様！	
133	0x002569	46	やはり神様はいたのじゃな…GNよかったよかった…	
134	0x002598	52	おや？W　またおまえさんかいGN話を聞きに来たのかね？Y	
135	0x0025cd	70	採集の仕事は簡単だけど、あまり効率がよくないねGX狩猟は技術力がないC066	
136	0x002614	70	とたくさんの収穫は得られないし、やはりやがては稲作が食料生産の中心C067	
137	0x00265b	12	になるのかな	
138	0x002851	52	うから、イナバに行くんだったら気を付けたほうがいいよ	
139	0x002886	66	U様！　W山賊を退治したんですってね？NWえ？！　その山賊は仲間にC003	
140	0x0028c9	40	なったって！GNさすがに度量が広いですなあ	
141	0x0028f2	28	今年の稲の収穫が楽しみですな	
142	0x00290f	70	イズモの村に大国主が現れたらしいね…GN本当にすべての村をまとめる力C006	
143	0x002956	56	があるのだろうかGNまあ、よい世の中にしてもらいたいもんだ	
144	0x00298f	70	あなたが大国主様だったとは…WN意外と若い方だったのですねGNもっと年C008	
145	0x0029d6	61	寄りなのかと思いましたよGXおっと！こりゃ失礼W　わっはっはっは	
146	0x002a14	69	今年は村総出で米作りをしたんだNなんせ初めてだったから大変だったよC010	
147	0x002a5a	65	GNこれで冬の食べ物に困らないって長は言ってたけど…W　本当かなあ？	
148	0x002a9c	60	稲の育ちもすごく良くなったみたいだよGNこれでやっと一安心だぁ	
149	0x002ad9	70	稲作は安定すれば十分以上の収穫が得られるだろうGNしかし、まだこの村C013	
150	0x002b20	70	の技術と耕地では期待するほどの収穫は得られないと思うのだGX今年は猟C014	
151	0x002b67	59	師達の人手も割いてしまったし…W今年の冬は厳しくなりそうだ…	
152	0x002ba3	69	おお！　U様よWNこの度はありがとうございましたGX耕地もすっかり豊かC016	
153	0x002be9	44	に肥えて、これで村人全員が冬をしのげそうです	
154	0x002c16	40	これからもよろしくお願いしますよ！NU様！	
155	0x002c3f	70	タギシの村には変わったじいさんがいるらしいなGNたいそう珍しいものをC019	
156	0x002c86	68	持ってるそうだが自慢話だけでそれを使わせてくれないらしいGXそんなC020	
157	0x002ccb	20	に珍しいものなのかね	
158	0x002ce0	68	そうか、じいさんの持ってたものには神様が宿っていたのか…GNそれでC022	
159	0x002d25	68	一回きりしか使えないというわけか…GX変な憶測をして悪かったなあWNC023	
160	0x002d6a	46	ケチなじいさんだなどと思った自分が恥ずかしいよ	
161	0x002d99	60	事実を知りもしないで、憶測や噂で物事を判断してはいけませんな	
162	0x002e1d	70	あるのかを見せて欲しいものだGXそうすれば皆もイズモと共に行動するこC027	
163	0x002e64	20	とに異存はないだろう	
164	0x002e79	70	奇跡は本当にあるのですなGN一晩で耕地があれほど変わるとは信じられまC029	
165	0x002ec0	69	せんGXこれで大国主様の力を信じていけますNがんばりますのでよろしくC030	
166	0x002f06	12	お願いします	
167	0x002f13	36	よい世界になるようにがんばりましょう	
168	0x002f38	69	大国主のU様ですね…GNあなたが各村を葦原の平和のためにまとめているC033	
169	0x002f7e	68	という話は聞き及んでおりますGX私もむろん協力するつもりですが、まC034	
170	0x003008	70	ために村をあげて、稲作に取り組んだのですGXこのスガには広い土地はあC036	
171	0x00304f	70	るのですが、稲作の技術が低いために十分に稲が実るほど耕地が肥えていC037	
172	0x003096	70	ないのですGXこのままでは今年の秋の収穫は期待できませんGNそして冬にC038	
173	0x0030dd	69	はひどいことに…GX…Wそうなってしまえば、私は村人のやりだまにあげC039	
174	0x003123	69	られてこの村を追われることでしょう…GNですから今すぐにでも村をU様C040	
175	0x003169	70	にお譲りしてもよいのですGXしかし私は村のために稲を育てることが必要C041	
176	0x0031b0	69	だということを村人達に理解してもらいたいのですGNまたこのことがU様C042	
177	0x0031f6	69	の今後の村の指導に役立つとも思いますGX…Wどうかこの村の耕地の価値C043	
178	0x00323c	70	をあなたのお力で上昇させてくださいGNそしてそれが現実になったとき、C044	
179	0x003283	70	この村をお譲りしましょうGN無理なお願いとは思いますがどうかよろしくC045	
180	0x0032ca	12	お願いします	
181	0x0032d7	54	これは噂なのですが、神が宿っているといわれる道具がC047	
182	0x00330e	64	耕地を富ませるという話を聞いたことがありますGX神頼みなどとはC048	
183	0x00334f	50	思いますが、その道具を探してみてはどうでしょうか？	
184	0x003382	23	よろしく頼みますぞU様！	
185	0x00339a	60	おお、U様N噂の道具を手に入れたのですね？GN本当に効果があC051	
186	0x0033d7	70	るのか早く使ってみてくださいGXだめならばほかの手段を考えなければなC052	
187	0x00341e	18	らないのですから…	
188	0x003431	69	お待ちしておりましたぞU様！GN耕地は見事に豊かになりましたGXこれでC054	
189	0x003477	58	この村の住民も救われましたGNさあ、この村をお治めください！	
190	0x0034b2	36	SUF005はスガの村を譲り受けた！！F007	
191	0x0034d7	70	それでは準備がありますので、一度外に出てからまたお越しくださいGX民C057	
192	0x00351e	62	も喜んでおりますので、話でもしてやってくださいGNそれではまた！	
193	0x00355d	70	古き船に封じられし、私を呼び起こすものは誰ぞ…GX私の名はスクナビコC059	
194	0x0035a4	46	ナ、豊饒を司る神GN何の用ありて、私を呼ぶのか…	
195	0x0035d3	36	SUF005は小さな神に事情を話した…F007	
196	0x0035f8	69	…よかろう、Wこの私も、いよいよ常世に渡る時が来たGNそなたの望みをC062	
197	0x00363e	12	かなえよう…	
198	0x00364b	69	SF005スクナビコナはいなくなったGN永遠の時が流れるという、常世の国C064	
199	0x003691	70	に渡ったのであろうか…GXしかし、スクナビコナの放った光はスガの村のC065	
200	0x0036d8	34	水田を豊饒の金色に変化させた…F007	
201	0x0036fb	70	村を離れる時には、かならず誰かに村の経営を委任していってくださいねC067	
202	0x003b02	70	この村を出て、東に行くとタジマの村がありますGNタジマの村は鍛冶の技C002	
203	0x003b49	24	術が高いことで有名ですわ	
204	0x003b62	19	お兄ちゃん強い人？Y	
205	0x003b76	69	ふーんW　弱い人なのか…GNもし強い人だったら、山賊をこらしめてもらC005	
206	0x003bbc	18	おうと思ったのに…	
207	0x003bcf	69	本当！　Wじゃあ、山賊が来たらこらしめてくれるんだね！GNでも本当にC007	
208	0x003c15	14	大丈夫かなあ…	
209	0x003c24	49	うえーん…W　走ったら転んで怪我をしちゃったよう…	
210	0x003c56	46	SUF005は女の子に怪我の直し方を教えてあげたF007	
211	0x003c85	69	うん…W　きれいな水で洗ってから蒲の花の粉をつければいいんだねGXおC011	
212	0x003ccb	42	兄ちゃんありがとう！WNすぐにやってみるよ！	
213	0x003cf6	69	あっ！　W大国主のお兄ちゃんだ！GXお兄ちゃんの教えてくれた通りにしC013	
214	0x003d3c	68	たら、真っ赤だったところもきれいになって、もう全然平気だよ！GX本C014	
215	0x003d81	68	当にありがとうWN今日はお礼にあたしの宝物をあげるわ！WNとってもきC015	
216	0x003dc6	12	れいでしょ？	
217	0x003dd3	43	これからもいろいろ教えてね！WNUお兄ちゃん！	
218	0x003dff	35	キャーーーーーーーッ！　W助けてー！	
219	0x003e23	31	おらおらー！　W邪魔だ邪魔だー！	
220	0x003e43	31	うわー！　W乱暴はやめてくれー！	
221	0x003e63	69	むっ！　Wこの野郎、邪魔するんじゃねえ！Wなんかおれに文句があるのかよY	
222	0x003ea9	64	ほう、Wいい度胸してるじゃねえかGNみんな！　Wこいつをやっちまえ！	
223	0x003eea	70	なんだなんだ、腰抜け野郎めGNでも、このまま許すわけにはいかねえぞWNC023	
224	0x003f31	31	みんな！　Wこいつをやっちまえ！	
225	0x003f51	55	ちくしょう…　覚えてろよー！GXみんな！　W引き上げだー！	
226	0x003f89	70	大きな声じゃ言えないんだが…WNこの村を襲う山賊達の首領はこの村の長C026	
227	0x003fd0	70	の息子なんだよGXそれで村のみんなは気まずくなってしまってね…GN一番C027	
228	0x004017	52	悩んでいるのは長なのかもしれないけど、もう許せないよ	
229	0x00404c	69	U様のおかげで、また昔のような活気がこの村に戻ってきましたよGX彼らC029	
230	0x004092	70	の過去をすぐに水に流せるわけじゃないけれど、これからみんなでよい世C030	
231	0x0040d9	40	界にするために努力すればよいのですからね	
232	0x004102	70	まったくあの山賊達には困ってしまいますよ…GNせっかく貯めた食料や武C032	
233	0x004149	70	器を持ちさってしまうのですから…GXこのままではこの村を出なければなC033	
234	0x004190	24	らなくなってしまいますよ	
235	0x0041a9	23	ああ…　W困った困った…	
236	0x0041c1	70	山賊達は改心したんですってねGNでも、今すぐ信用はできませんね…GXいC036	
237	0x004208	70	ずれ時が解決してくれるのでしょうが、すぐに人を信用できないのは寂しC037	
238	0x00424f	14	いことですなあ	
239	0x00425e	44	早く皆が信頼しあえる世の中になるといいですな	
240	0x00428b	70	どこの方かは知らんが、この村には山賊が来るから気をつけなされやGN怪C040	
241	0x0042d2	24	我をしたらつまらんでな…	
242	0x004331	70	猟師でな、その腕は素晴らしいものじゃったGXしかし、長とのいさかいがC043	
243	0x004378	70	絶えずに、とうとうこの村を飛び出していったのじゃGX本当は気の優しいC044	
244	0x0043bf	66	いい男なのだが…GNまったく首領がタヂカラでは長もお困りじゃろうな…	
245	0x004402	70	タヂカラは盗んだものを皆のところに返しに歩いたそうですよGNやはり悪C046	
246	0x004449	24	い男ではなかったのじゃな	
247	0x004462	51	本当の悪がなくなるようにがんばってくださいよGNU様！	
248	0x004496	70	おお、イズモの方ですなWNお怪我はありませんでしたか？GNまったく面目C049	
249	0x004524	67	て私の息…Wいやタヂカラという猟師を中心に村を飛び出したのですGXC051	
250	0x004568	70	それ以来この村にいやがらせをするようになってしまって…GNそれに最近C052	
251	0x0045af	70	山に食料が少ないらしく、村の食料を狙ってやってくるのですGX世界を救C053	
252	0x0045f6	70	うというあなたのお噂を聞き、この村もお譲りしようと思うのですが…GNC054	
253	0x00463d	70	ひとつだけ私の願いを聞いてくださいGXその願いとはあの山賊達を改心さC055	
254	0x004684	70	せてやって欲しいのですGX彼らも最初はこの村を思うからこそ、私の意見C056	
255	0x0046cb	69	に反対して行動を起こしたのですから…GNもし…W　もう一度だけでも話C057	
256	0x004711	70	し合う機会があれば、きっとわかってくれるはずですGX山賊達は自分にかC058	
257	0x004758	67	なう相手がいないと見ていい気になっているのですGNU様にこらしめてC059	
258	0x00479c	70	いただければ、目も覚めることでしょうGX迷惑な話だとは思いますが、どC060	
259	0x0047e3	24	うかよろしくお願いします	
260	0x0047fc	70	山賊達のねぐらはこの村の南の洞窟だと聞いていますGNよい知らせを待っC062	
261	0x004843	17	ておりますぞU様！	
262	0x004855	43	おお！　Uさん！WN遅かったじゃねえか！GNC080	
263	0x004881	62	かと思うんだけど…GNなんかこうあらたまるとはずかしくってよう…	
264	0x0048c0	45	あっ！　Wタヂカラ！！！GNおまえって奴は！！！	
265	0x0048ee	70	ま、W待てよおやじWNもうおれは改心してU様のために働くって決めたんだC067	
266	0x004935	42	からよGN今までのこともこの通りに謝るから…	
267	0x004960	43	そうか…W…W…W　よく帰ってきたよタヂカラ…	
268	0x00498c	69	U様、いろいろとありがとうございましたGNこれからはあなたのお力でこC084	
269	0x0049d2	33	SF005イナバの村を譲り受けた！F007	
270	0x0049f4	70	それから私はもう歳ですから、このまま隠居させてもらいますGXその代わC072	
271	0x004a3b	70	りと言ってはなんですが、この男を使ってやってくださいGN口は悪いですC073	
272	0x004a82	53	が腕は立ちますからGXほら！　Wおまえからもお願いしろ！	
273	0x004ab8	70	はい、はいGN稲作のことはよくわかんねえけど、ケンカと狩りのことだっC075	
274	0x004aff	66	たらまかせてくださいよGXきっと役に立ちますから！WNじゃあまた後で！	
275	0x004b42	24	まったく調子のいい奴だ…	
276	0x004b5b	61	U様、これから困難なことが多いでしょうが、がんばってくださいよ	
277	0x004b99	32	早く良い世の中になるといいですな	
278	0x004bba	66	きれいな石を見つけたんだよGNでもこれはあたしの宝物だからあげないよ	
279	0x004bfd	69	ちゃんと兵士の身なりにして待ってたんだぜGXそれでよう…W　おやじにC081	
280	0x004c43	9	謝ろうC64	
281	0x004c4d	58	今、長は山賊のことで悩んでおられるのだWまた後で…W　むっ！	
282	0x004c88	47	長は悩んでおられるのだN一人にさせてやってくれ…	
283	0x004cb8	28	の村をよくしていってください	
284	0x004cd5	20	どうぞお通りください	
285	0x004e27	70	が治めるのであれば、この村もあなたにお譲りしないわけにはいかないでC003	
286	0x004e6e	44	しょうGXどうぞこのタジマをお受け取りください	
287	0x004e9b	33	SF005タジマの村を譲り受けた！F007	
288	0x004ebd	69	しかし、ひとつだけ忠告をさせてくださいGそれはこの世界には確実に何C006	
289	0x004f91	70	くからの言い伝えのようにスサノオがこの世界に戻ってしまうのかも知れC009	
290	0x004fd8	70	ませんGXあなたへのアマテラス様の言葉が真実であれば、早くすべての村C010	
291	0x00501f	70	から争いをなくさなければなりませんGXまだまだすべての村に平和をもたC011	
292	0x005066	69	らすには長い時間が必要ですが、力を合わせてがんばりましょうU様！GXC012	
293	0x0050ac	50	私も世界のために力を尽くしますGNそれではまた後ほど	
294	0x0050df	46	この村はタジマの村GN山に囲まれた静かな村ですわ	
295	0x00510e	70	この村は山に囲まれているが、鍛冶の材料にはとても恵まれているんだGNC015	
296	0x005155	60	もっと鍛冶の人数と技術があがれば、多くのものを作れると思うよ	
297	0x005192	70	この村の鍛冶の技術力は高いけれど、武器を作るよりもっと人の役に立つC017	
298	0x0051d9	70	道具を作ることが大切だと思うんだGXみんな武器を作りたがるけど、それC018	
299	0x005220	30	は間違っていると思うな、おれは	
300	0x00523f	69	山ではいろいろな木の実が拾えるんですよWでも生で食べられるものは少C020	
301	0x005285	41	ないのでNお湯であくを抜かないとだめですね	
302	0x0052af	70	お兄ちゃんどこから来たの？GN昔はよく海の村とかから人が来てたんだけC022	
303	0x0052f6	36	ど、最近は誰も来なくてさびしいなあ…	
304	0x00531b	70	お兄ちゃんは大国主なんだってね！GN早くみんなが仲良くできて、どこでC024	
305	0x005362	28	も行けるようになるといいね！	
306	0x00537f	70	武器や道具の中には特殊な魔力を秘めているものがあるそうですGN手に入C026	
307	0x0053c6	70	れたものは使ってみるといいでしょうGXただし道具の中には使うと壊れてC027	
308	0x00540d	44	しまうものもあるそうですので注意してください	
309	0x00543a	70	この村を出て、南に行くとキビの村がありますGN今、キビの村には妙な噂C029	
310	0x005481	28	があるので注意してくださいね	
311	0x00570f	70	このまえなんかは人の何倍もあるような魚を釣り上げたんだぜGNまあ、こC002	
312	0x005756	34	の村でおれの右にでる漁師はいないな	
313	0x005779	70	このまえなんかは、家の何倍もあるようなそれはそれは大きな魚を釣り上C004	
314	0x0057c0	62	げたんだぜGNまあ、この村でおれの右にも左にも出る漁師はいないな	
315	0x0057ff	70	このまえなんかは…GNえ？　うそをつくなって？WNそうなんだよな…GNおC006	
316	0x005846	70	れも実はどんな魚を釣ったか忘れちゃったんだよGXまあ、楽しければそれC007	
317	0x00588d	24	でいいじゃないかWNなっ？	
318	0x0058a6	69	ここはキビの村だN海での漁が盛んな村だよGXところであの木の所にいるC009	
319	0x0058ec	25	男の自慢話を聞いたかい？Y	
320	0x005906	70	そうかい、奴が釣った魚は最初は子供くらいの大きさだったのが、今ではC011	
321	0x00594d	64	人の何倍もあるって話だなGN釣り上げてから大きくなる魚は珍しいよな	
322	0x00598e	66	あんな奴の話は聞き流したほうがいいよGNどうせうそばっかりなんだから	
323	0x0059d1	70	最近、この村の長のキビツヒコ様は人が変わったようですわGN目つきがそC014	
324	0x005a18	70	う…WNなにかとっても薄気味悪いんですよ…GX夜になるとどこかに出て行C015	
325	0x005a5f	43	くという噂もあるし、Wどうしたのでしょうか…	
326	0x005a8b	70	鬼が長に化けていたなんて…WNそんな恐ろしい怪物がそばにいたと思うだC017	
327	0x005ad2	66	けで、ぞっとしますわGX亡くなった長のためにも、がんばってくださいね	
328	0x005b15	44	早く、いやな事のない世の中になるといいですね	
329	0x005b42	70	この村の沖にある島には、鬼が棲むって噂があるんだGXそれで誰も近寄るC020	
330	0x005b89	69	者はいないんだけど、最近夜になると島に行く船があるらしいんだW物好C021	
331	0x005bcf	18	きな奴がいるもんだ	
332	0x005be2	64	長が鬼だったとは…GN世界が滅びるなんて他人事だと思っていたのに…	
333	0x005c23	42	長の命令により、海に人を出すわけにはいかぬ	
334	0x005c4e	30	この度はありがとうございました	
335	0x005c6d	32	早くよい世の中になるといいですな	
336	0x005c8e	69	………Wおまえが…　WUか…GX世界を救おうなどと甘ったれた事を言ってC027	
337	0x005cd4	70	るようだが、もう遅いのだGN世界は乱れ、もはや力のある者しか生き残るC028	
338	0x005d1b	69	ことはできんGXフフフ…W　おまえも殺されたくなければ、帰って戦いのC029	
339	0x005d61	44	準備でもするんだなGNさあ、とっとと出て行け！	
340	0x005d8e	70	しつこい奴だなWNおまえにこの村を譲る気などないのだGNとっとと出て行け！	
341	0x005dd5	63	あなたがU様ですな？GN私はこの村の武人でタケミミスギという者です	
342	0x005e15	35	もうこの村の長とは話をされましたかY	
343	0x005e39	47	そうですか…　Wやはり村を譲るのを拒みましたか…	
344	0x005e69	68	では、長に会って村を譲るように話をしてくださいGNそれでもだめならC035	
345	0x005eae	70	また私の所に来てくださいGXその時はあなたにお話ししなければならないC036	
346	0x005ef5	20	ことがありますので…	
347	0x005f0a	62	実は長のキビツヒコの様子がおかしいのですGX以前は混乱した世C038	
348	0x005f49	69	界のために、U様に協力したいと言っていたのですが…GN先日海に出て、C039	
349	0x005f8f	70	帰ってきて以来、人が変わってしまったのですGXおかしな言動が多くなりC040	
350	0x005fd6	70	、また夜になると船でどこかに出て行くようなのですGXU様、W私達キビのC041	
351	0x00601d	70	村の者はあなたにこの村を譲ることを望んでいますGNしかし、長が反対しC042	
352	0x006064	70	ているのでは逆らうわけにもいきませんGXですから、私と一緒に長が変わC043	
353	0x0060ab	70	ってしまった原因をつきとめていただけませんでしょうか？GN原因がわかC044	
354	0x0060f2	69	れば長も昔のように良い人に戻ってくれるはずですGXお願いしますU様WNC045	
355	0x006138	19	力を貸してくださいY	
356	0x00614c	70	本当ですか！　W大国主のU様に力を貸していただけるなら、もう恐いものC047	
357	0x006193	70	なしですよGXそれでは夜に長が出て行くところを尾行しますので、体力をC048	
358	0x0061da	70	回復させるなどの準備ができたら、また私の所に来てくださいGN頼りにしC049	
359	0x006221	13	てますよU様！	
360	0x00622f	70	そうですか…GN戦いを避けて、この村をあなたにお譲りしようと思ったのC051	
361	0x006276	70	ですが…GX戦争になるのはもっともなことですが、私はここにいますのでC052	
362	0x0062bd	40	気が変わったなら声をかけてやってください	
363	0x0062e6	58	お待ちしておりましたぞU様GX力を貸していただけるのですか？Y	
364	0x006321	24	準備はできましたかU様？Y	
365	0x00633a	36	それでは、長が動くのを待つとしますか	
366	0x00635f	48	そうですか、それでは準備が整ったら来てくださいね	
367	0x0063c1	35	SF005そして、夜がふけていった…F007	
368	0x00642c	70	この村には牛鬼という怪物の言い伝えがあるのじゃGNその恐ろしい怪物はC061	
369	0x006473	70	夜になると、水の中から姿を現して、身の毛もよだつような声をあげるそC062	
370	0x0064ba	70	うじゃGXまたその姿はクモの身体に鬼の顔を持つと言われておるGNもし、C063	
371	0x006501	68	この話がまことなら、奴を倒すためには尻を攻撃するべきじゃろうGXクC064	
372	0x006546	28	モは尻が大事な部分だからのう	
373	0x006563	69	なんと、牛鬼を倒したというのか！GNううむ…　W大国主様のお力はたいC066	
374	0x0065a9	70	したものじゃのうGXしかし、わしの助言も役に立ったということで、これC067	
375	0x0065f0	42	で自慢のたねが増えましたぞWNはっはっはっ！	
376	0x00661b	65	これからはこのじじいが死ぬまで、U様の御武勇を語り継いでいきますぞ	
377	0x00665d	14	行きましょう！	
378	0x006770	72	Z~ここはミワの村GNこの村の先の山には、特別な人以外は入ることはできなC001	
379	0x0067b9	10	いんですよ	
380	0x0067c4	44	山に入られるのですねGNお気を付けてくださいね	
381	0x0067f1	50	この村はミワの村GN山の先にはクマノの村がありますよ	
382	0x006824	70	ヒスイやメノウなどの宝石は不思議な力を秘めていますGNその力をさらにC005	
383	0x00686b	40	引き出すために勾玉のように加工するのです	
384	0x006894	69	山の中には同じような場所が多くありますG迷ってしまわないように慎重C007	
385	0x0068da	24	に行動することが必要です	
386	0x0068f3	54	山で神様にお会いできたのですねGNさすがは大国主様ですな	
387	0x00692a	70	オオモノヌシ様は昔、この村のきれいな女の人に恋をしたそうですGNそれC010	
388	0x006971	70	で夜になると若い男の姿になって、その女性のもとに来ていたという話がC011	
389	0x0069b8	46	伝えられていますわGN神様もすみにおけないですね	
390	0x0069e7	70	村にやってきたオオモノヌシ様はすてきな方でしたわGNでも本当はどんなC013	
391	0x006a2e	14	姿なのかしら？	
392	0x006a3d	48	人と人が争わなければならないとは悲しいことですね	
393	0x006ab5	68	をよくするためにやってきたそうだGX大国主のあなたが話をすれば、きC017	
394	0x006afa	67	っと力を貸してくれると思いますよGXあっ、Wそれからオオモノヌシ様C018	
395	0x006b3e	70	は普段はそれは恐ろしい姿をしているらしいよGN怪物と間違えて襲いかかC019	
396	0x006b85	20	ったりしないようにね	
397	0x006b9a	70	オオモノヌシ様には会えたんだねGNあんたはたいしたもんだよGXそれであC021	
398	0x006be1	64	んたにまた会えたら渡そうと思ってたんだけど、じいちゃんからもC022	
399	0x006c22	26	らったこの首飾りをあげるよ	
400	0x006c3d	69	なんでもこれには身を守る効果があるらしいよGN大事に使ってくれよUさん！	
401	0x006c83	69	お待ちしておりましたU様GN私はこの村の長ですが、私はオオモノヌシ様C025	
402	0x006cc9	70	のお言葉を伝えるためにあるのですGXあなたがここに参られることは、おC026	
403	0x006d10	70	告げによって存じておりましたGNオオモノヌシ様はあなたと同じように、C027	
404	0x006d57	70	この世界の先行きを危惧されておられますGXそして世界を救うために、あC028	
405	0x006d9e	70	なたに力を貸そうとしておられるのですGXさあ、オオモノヌシ様は山であC029	
406	0x006de5	70	なたを待っておられますGNこの村はあなたが山での試練を乗り越えたならC030	
407	0x006e2c	40	すぐにお譲りするようにと命じられています	
408	0x006e55	70	山では慎重に行動してくださいGN無事に試練を終えられることをお祈りしC032	
409	0x006e9c	12	ておりますぞ	
410	0x006ea9	32	この村では玉造と鍛冶が盛んですよ	
411	0x006eca	33	早くよい世の中にしてくれよUさん！	
412	0x006eec	70	原石を玉造で加工してもらうときには、技術力の高い村の玉造にお願いしC036	
413	0x006f33	68	たほうがいいですよGN技術力が高ければそれだけよいものが作れますからね	
414	0x006f78	70	食料生産が住民の需要を大きく上回るようになったら、食料供給率を上げC038	
415	0x006fbf	70	てくださいねGN食料がたくさん供給されれば、住民は豊かになり、人口もC039	
416	0x007006	70	大きく増えることでしょうからGXそれに生活にゆとりができれば文化度もC040	
417	0x00704d	62	上昇すると思いますよGNゆとりが創意工夫を生むということですね！	
418	0x007187	49	~この村はクマノの村だGN村の西にはアワミの村がある	
419	0x0071b9	36	アワミの村は広い土地を持った強い村だ	
420	0x0071de	70	この村の長は真剣にこの村、そしてこの世界のことを考えているGX大国主C003	
421	0x007225	70	のあなたに村を譲らないのも、あなたにこの世界をまとめる力があるかをC004	
422	0x00726c	32	試そうとしているのかも知れない…	
423	0x00728d	70	まだこの村の先には大きく強い村がひしめいているGNそんな所にあなたがC006	
424	0x0072d4	68	行っても話を聞いてくれるようなお人好しな長は少ないだろうGX村を得C007	
425	0x007319	70	るための戦いは無駄な血を流してしまうが、それでも世界をよい方向に引C008	
426	0x007360	70	っぱっていくには強い力が必要なのだGX長はあなたに戦う勇気を教えたかC009	
427	0x0073a7	20	ったのだと思いますよ	
428	0x0073bc	33	お兄ちゃんこの村を攻めに来るの？Y	
429	0x0073de	49	…Wじゃあ、敵なんだね…GN早くこの村から出て行け！	
430	0x007410	70	それは本当？WNでも世界のためには必要なんでしょう？GNいいんだよ、嘘C013	
431	0x007457	16	をつかなくても…	
432	0x007468	34	何で戦わなくちゃいけないんだろう…	
433	0x00748b	70	お兄ちゃんはいい人なんだよね？GN悲しいこともあったけど、これからはC016	
434	0x0074d2	24	よい世界になるんだよね？	
435	0x0074eb	70	おや…  Wあなたが噂のU様ですかGNもうこの村以西をすべてまとめたといC018	
436	0x007532	69	うことですなGXしかし、Wこの村はあなたに渡すわけにはいきませんなGNC019	
437	0x007578	69	村は私達にとってかけがえのないものですG見も知らぬ人に簡単に渡すこC020	
438	0x0075be	70	とはできませんGXあなたにすべての村をまとめる力があるのなら、この村C021	
439	0x007605	70	は力ずくで奪ってみることですなGXこれが私達の返事ですGNさあ、お帰りC022	
440	0x00764c	8	ください	
441	0x00769c	28	ますので、お引き取りください	
442	0x007700	36	もあるということを忘れないでください	
443	0x007725	63	今までの戦いが無駄にならないように、早くよい世界にしましょうU様	
444	0x007765	70	ミワの村の鍛冶屋に鉄鉱を持っていくと、特殊な槍を作ってくれるらしいC029	
445	0x0077ac	64	よGXこのほかにも特定の村でしか作れない武器や防具もあるみたいだね	
446	0x0077ed	18	あなたがU様ですねY	
447	0x007800	70	ああ、よかったGN実はあなたに渡すものがあったのですGXそれはある夜のC032	
448	0x007847	70	ことでしたWN私は不思議な夢を見たのですGN夢の中では女神が武人のようC033	
449	0x00788e	67	な男の神と話をしていましたGN光に包まれた女神は男の神にU様を助けC034	
450	0x0078d2	70	に行くように命じていましたGXしかし、男の神はまだ時期が早いと答えてC035	
451	0x007919	68	持っていた剣を投げたのですGXそして、目が覚めて家の裏でこの剣を見C036	
452	0x00795e	70	つけたのですGN最初は信じられませんでしたが、あなたが現れるまではとC037	
453	0x0079a5	64	、今まで大事に守っていたのですGXさあ、この剣をお受け取りください	
454	0x0079e6	69	本当に不思議な事があるものですなあ…GNあ、Wそれから男の神はいずれC039	
455	0x007a2c	42	あなたに会うこともあろうと言っていましたよ	
456	0x007a57	69	そうですか、あなたがU様だと思ったのですが…GN早くこの刀をお渡ししC041	
457	0x007a9d	12	なければな…	
458	0x007acc	12	wws威~~烝~瀲	
459	0x007be7	70	ラスやスサノオだとか言って、お人好しの奴らをだましているようだが、C002	
460	0x007c2e	69	Wわしは神など信じないのだGX信じられるのは自分の心と力だけだGNおまC003	
461	0x007c74	55	えのたわごとなど聞いている暇はないGさっさと帰るんだな！	
462	0x007cac	33	しつこい奴め、Wとっとと出ていけ！	
463	0x007cce	52	この村はアワミの村だGN用が済んだら出て行かれるがよい	
464	0x007d03	66	この村からはイブキ、ミノ、ヤマシロなど多くの村に行くことができます	
465	0x007d46	42	まずはイブキの村に行ってみるといいでしょう	
466	0x007d71	70	スサノオが復活して世界が滅びるって？GNそんなばかなことがあるか！GXC009	
467	0x007db8	70	各地で戦争が続いているからって、いい加減なことを言うな！GNおれはだC010	
468	0x007dff	14	まされないぞ…	
469	0x007e0e	36	ねえ、U様WN世界は滅びないですよね？Y	
470	0x007e33	62	そんな事言わないでくださいよ…GNわたしもまじめに働きますから…	
471	0x007e72	50	そうですよね、だいじょうぶですよねGNああ、よかった	
472	0x007ea5	69	この村の長は権力欲が強く、Wいつかはすべての村を自分のものにするとC015	
473	0x007eeb	68	いつもいっていますGX兵士達もそんな長の話を聞かされて、自分のことC016	
474	0x007f30	36	しか考えなくなってしまったのですよ…	
475	0x007f55	43	これからはU様の指導でよい村にしてくださいよ	
476	0x007f81	70	ここだけの話ですが、長はあなたのことをうそつきだと皆に教えていましC019	
477	0x007fc8	70	たGX本当は自分の権力を奪われるのが嫌なだけなんですよ…GNあんな男がC020	
478	0x00800f	30	長ではこの村ももうだめですね…	
479	0x00802e	68	村の者はあなたに期待していますGNどうか期待に応えてよい村にしてくC022	
480	0x008073	13	ださいよU様！	
481	0x008081	69	おまえがうそつきのUだなWN自分が支配者になりたいからって、いい加減C024	
482	0x0080c7	48	なことを言いやがって！GN早くこの村から出て行け！	
483	0x0080f8	70	今考えると、前の長の考えは間違っていました…GNこれからは世界のためC026	
484	0x00813f	18	に働こうと思います	
485	0x008152	70	イブキの村では何か変なことが起こっているらしいよGNなんでも山で猟がC028	
486	0x008199	44	できないとか…GN村の者は困っているだろうなあ	
487	0x0081c6	68	イブキの村の問題は片付いたらしいねGN何でも大国主が山の神に話をつC030	
488	0x00820b	34	けに行ったとか…GNたいした男だねえ	
489	0x00822e	40	この村の先のイブキの村では狩猟が盛んだよ	
490	0x00842e	74	e鋲^dこの村はイブキの村GN狩猟が盛んな村ですが、W今は山に近付けないんですよ	
491	0x008479	70	山に行かれるのですねGN山の神は姿を変えて、人を試すといいますから慎C002	
492	0x0084c0	22	重に行動されてください	
493	0x0084d7	52	この村はイブキの村GN西に行くとオバリの村がありますよ	
494	0x00850c	70	この頃、山には恐ろしい怪物が出るそうなんですよGN恐くて木の実も拾いC005	
495	0x008553	70	に行けませんわGX狩猟も獲物が捕れないらしいし…GN山の神がお怒りになC006	
496	0x00859a	22	っているのでしょうか…	
497	0x0085b1	70	山の神は私達をお許しになったのですねGNこれで安心して生活できますわC008	
498	0x0085f8	27	GXありがとうございましたU様	
499	0x008614	70	山の神を倒されたのですか…GNでも、人間は自然を大事に生活しなければC010	
500	0x00865b	32	いつかひどい目に会うと思いますわ	
501	0x00867c	70	木の実拾いなどの山仕事は女の力では大変ですGNこう毎日では疲れてしまC012	
502	0x0086c3	8	いますわ	
503	0x0086cc	70	最近、まったく獲物が捕れないんだよ…GN子供も生まれたばかりなのに、C014	
504	0x008713	42	これじゃ家族そろって飢え死にしてしまうよ…	
505	0x00873e	70	山で獲物が捕れるようになったんだよGN山の幸って言葉をこれほど実感しC016	
506	0x008785	70	たことはなかったよ…GXこれからは自然を大事にする気持ちを忘れないよC017	
507	0x0087cc	16	うにしなければね	
508	0x0087dd	70	山の神を倒したんだってね…GN仕方なかったのかもしれないけど、自分達C019	
509	0x008824	52	も自然に対してひどいことをしていたと反省しているよ…	
510	0x008859	70	この村では狩猟が盛んだよGN山での猟は大変だけど、家族が生活するためC021	
511	0x0088a0	58	にはがんばらなければねGX子供の顔を見れば疲れも取れるしね！	
512	0x0088db	70	山には見たこともないような怪物がうろついているんだGNそれにこの間なC023	
513	0x008922	70	んかは白い大きな猪に追いかけられるし…GX山で何が起こっているというC024	
514	0x008969	12	のじゃろう…	
515	0x008976	64	山の神と話を付けてくれたそうじゃのうGNまったくありがたいことじゃ	
516	0x0089b7	70	山の神は昔からわしらに恵みを与えてくれたのじゃGNその恩を忘れてしまC027	
517	0x0089fe	35	っていたとは…W恥ずかしい限りじゃよ	
518	0x008a22	70	わしらは昔から山と共に生活をしてきたのじゃよGNこれからもそうしたいC029	
519	0x008a6e	70	噂では山での異変は山の神のお怒りのせいらしいGNそう言われてみれば、C031	
520	0x008af8	69	山に向うのですねU様GN山の神も心正しき人が行けば、話を聞いてくれるC033	
521	0x008b3e	12	と思いますよ	
522	0x008b4b	68	山の神とお会いになったのですねWNこの村もこれで平和になりますよGNC035	
523	0x008b90	25	ありがとうございましたU様	
524	0x008baa	70	山の神を倒したそうですな…GNあなたの強さはすごいとは思いますが、人C037	
525	0x008bf1	70	間だけがこの世界にいると思っていてはいけませんよGX自然と共に暮らしC038	
526	0x008c38	54	ていかなければ、いずれ人間も滅びてしまうでしょうから…	
527	0x008c6f	64	この村の先にはオバリの村がありますGNこのあたりでは大きな村ですよ	
528	0x008cb0	70	鍛冶屋に持ち込む鉱石の中には天つ金という、とても珍しいものがあるそC041	
529	0x008cf7	70	うだGXその天つ金でできる武器や防具はとてもすばらしいそうだよGNしかC042	
530	0x008d3e	44	し、技術力が高い村じゃないと扱えないらしいよ	
531	0x008d6b	68	あなたが大国主のU様ですか…GN村譲りの話は聞き及んでおりますが、WC044	
532	0x008db0	67	先に今この村で起こっている話を聞いてくだされGXWこのイブキでは昔C045	
533	0x008e3b	70	て暮らしてきましたGNそして住民の数は増え、多くの食料が必要になってC047	
534	0x008e82	70	いますGXしかし、山では最近になって不思議なことが起こるのですGNまっC048	
535	0x008ec9	70	たく獲物がいなかったり、見たこともないような怪物に襲われたり…GXこC049	
536	0x008f10	70	のままではこの村の住民はここに住めなくなってしまいますGN足りない食C050	
537	0x008f57	70	料を補うにも、稲作などの技術を持つ人物もおらず困り果てているのですC051	
538	0x008f9e	69	GX…Wそれで他の村の方にこんなことを頼むのはどうかと思いますが、大C052	
539	0x008fe4	70	国主であるあなたにお願いがあるのですGXそれはこの村を出たところにあC053	
540	0x00902b	70	るイブキの山で起こっている異変の原因を調べてもらいたいのですGX村のC054	
541	0x009072	69	者は山の神の怒りが原因だと噂をしていますが、W本当にそうであれば山C055	
542	0x0090ff	70	しまって、どうにもならんのですよ…GX村を譲ることは皆と話し合いますC057	
543	0x009146	45	ので、とにかく山に向ってはいただけませぬか？Y	
544	0x009174	69	そうですか！　W行っていただけますか！WNなんとお礼を言っていいか…C059	
545	0x0091ba	23	ありがとうございますU様	
546	0x0091d2	31	山では十分注意してくだされよU様	
547	0x0091f2	69	そうですか…WN自分の村のことは自分でしろということですな…GX分りまC62	
548	0x009238	35	した…　Wそれではお引き取りください	
549	0x00925c	49	おや？　WU様！GN願いを聞いていただけるのですか？Y	
550	0x00928e	69	お待ちしておりましたぞU様！GNあなたが山に向われてから、私の夢枕にC065	
551	0x0092d4	69	山の神が現れたのですGX神は私に今までの行ないを反省して、U様にこのC066	
552	0x00931a	70	村を譲るようにと命じられたのですGXもはや、この村をお譲りしない理由C067	
553	0x009361	54	はありませんGNどうぞこのイブキの村をお受け取りください	
554	0x009398	33	SF005イブキの村を譲り受けた！F007	
555	0x0093ba	70	私も山の神に叱られて、目が覚めましたGN私達は自然に対する感謝と尊敬C070	
556	0x009401	70	の気持ちを忘れてしまっていたのですGNこれでは神様がお怒りになるのもC071	
557	0x009448	68	もっともなことですGXこれからは自然と人間が共に歩めるようなよい指C072	
558	0x00948d	69	導をお願いしますよU様GXそれでは準備がありますので、またおいでください	
559	0x0094d3	70	この村にいる鬼道師のイピカ様はそれは恐ろしい術を使われるそうだGNそC074	
560	0x00951a	38	の術は戦闘の時に威力を発揮するそうだよ	
561	0x009541	63	おお！　WU様！N山の神を倒されたそうですな…GNそれで御無事にC076	
562	0x009581	70	帰ってこられるとは…GXまったくあなたのお力には恐れいりましたさあ、C077	
563	0x0095c8	26	この村をお受け取りください	
564	0x0095e3	70	しかし、この度の一件は、私達が山の神をおろそかにしたために、起こっC079	
565	0x009671	70	るように指導をお願いしますGNそれでは準備がありますので、また後でおC081	
566	0x0096b8	12	いでください	
567	0x009896	38	ここから先に行くと、ヤイヅの村があるよ	
568	0x0098bd	70	潮風に吹かれながら海を見ていると、心が落ち着きますわGN世界が終ってC003	
569	0x009904	60	しまうなんて、この美しい海を見ていると信じられないのですが…	
570	0x009941	70	わしはこの海辺の村の中でも泳ぎにはうるさいぞGXわしの見事な泳ぎを見C005	
571	0x009988	9	たいかなY	
572	0x009992	70	よしよしW　それではここで見ているがよいGXではいくぞWWNどりゃあああC007	
573	0x0099d9	24	っーーーーーーーーーーー	
574	0x0099f2	69	うわっぷ！W　うがっ！WWNうっひゃああーーーーーーーーーっNWつ、WつC009	
575	0x009a38	22	めたいーーーーーーーっ	
576	0x009a4f	70	ぶるぶるぶる…　W死んだかと思ったわい…Wこれからは準備運動をしなけC011	
577	0x009a96	16	ればならんのう…	
578	0x009aa7	57	無理をしたら調子を悪くしてしまったわいWわしも歳じゃのう…	
579	0x009ae1	70	このあたりには海の中にあるという竜宮城の伝説が伝わっているんだGN詳C014	
580	0x009b28	68	しい話が聞きたかったら、この村のじいさんに訪ねてみたらどうだい？C015	
581	0x009b6d	68	GXでも水の中に人なんか住めるのかねえ…GN息ができないんじゃないかな？	
582	0x009bb2	64	遠慮せんでもよいのにGN見かけは年寄りだが、身体は元気なんじゃから	
583	0x009bf3	70	U様、竜宮城に行ったんですってねGNうらやましいなあ…　WだってきれいC018	
584	0x009c3a	69	な女の人が大勢いるんでしょう？GNおれも行ってみたいなあWNうっ！　WC019	
585	0x009c80	17	よ、Wよだれがっ！	
586	0x009c92	70	この村からずっと北にあるコシって村は強い村らしいねGNここまで攻めてC021	
587	0x009cd9	20	こなければいいけど…	
588	0x009cee	69	お待ちしておりましたぞU様GXあなたのお噂を耳にして、いても立ってもC023	
589	0x009d34	70	いられなかったのですぞ！GX私はこの世界が終ってしまうという噂を聞きC024	
590	0x009d7b	70	、まさかと思って古い書物を調べたのですGXすると調べれば調べるほど、C025	
591	0x009dc2	70	この世界の終りが近付いているという噂は本当のようなのですGN世界は混C026	
592	0x009e09	70	乱の果てに復活を遂げた破壊神のために永遠に闇に包まれてしまうでしょC027	
593	0x009e50	63	うGXしかし、Wある書物の中にはこの危機を救うであろう人物のこC028	
594	0x009e90	70	とが記されていましたGN正しい心と天地をも揺るがす力を持った男GXそうC029	
595	0x009ed7	69	、WそれはあなたなのですGNこの戦乱をまとめて、世界を救えるのはあなC030	
596	0x009f1d	68	たしかいないのですGXさあ、まだ多くの村があなたの救いを待っていまC031	
597	0x009f62	25	すGN先を急ぎましょうU様！	
598	0x009f7c	33	SF005オバリの村を譲り受けた！F007	
599	0x009f9e	68	それでは準備がありますので、海でもご覧になってからまたおいでください	
600	0x009fe3	70	この村でも最近はスサノオの噂をよく聞くよGNスサノオの復活とはいったC035	
601	0x00a02a	28	い何が起こるというのだろう…	
602	0x00a047	59	おや？　Wおまえさんは誰じゃな？GNこの年寄りに何の御用かな？	
603	0x00a083	38	SUF005はヤイヅの村の事情を話した…F007	
604	0x00a0aa	33	竜宮の城の話でも聞きたいのかね？Y	
605	0x00a0cc	34	そうか、それではお引き取りくだされ	
606	0x00a0ef	70	竜宮の城というのは、海のどこかにある、それは美しい城なのだそうじゃC041	
607	0x00a136	70	GXそこには海を司る王がいて、魚達や潮の流れが自然のままであるようにC042	
608	0x00a17d	70	見守っているのだそうじゃGNだからこのオバリの村など、漁師達はみな海C043	
609	0x00a1c4	70	の恵みを与えてくれる竜宮の王に感謝の気持ちを忘れないのじゃよGXさてC044	
610	0x00a20b	65	、W竜宮城に行く方法もあるのだが…WN実際、わしも成功したことはC045	
611	0x00a24d	62	ないのじゃ…GXできないことを教えるわけにはいかんのでな…WNC046	
612	0x00a28c	52	このことにはふれんでおこうGNさあ、もうお帰りくだされ	
613	0x00a2c1	69	そうですか…　Wそれはお困りでしょうなGNそれでは、このじじいも力をC048	
614	0x00a307	70	お貸しましょうGXこのかごを使ってみてくだされGNこれは昔、わしが竜宮C049	
615	0x00a34e	70	に行こうと思って、言い伝えを元に作ったものなのですじゃGXこれに乗っC050	
616	0x00a395	70	て、うまく潮を選べば竜宮にたどり着けるはずじゃGN潮はヤイヅのじいさC051	
617	0x00a3dc	66	んがよく知っておるから、じいさんに頼んで乗せてもらえばいいじゃろう	
618	0x00a41f	54	無事に竜宮の王に会えることをお祈りしておりますぞNU様！	
619	0x00a456	70	おお！　WU様！GN無事に竜宮に行けたのですな？GNできればこのじじいにC054	
620	0x00a49d	38	竜宮の様子の話をお聞かせくださらぬか…	
621	0x00a4c4	44	SUF005は竜宮の様子を老人に説明してあげたF007	
622	0x00a4f1	70	そうですか、そうですか…GNわしは小さいころから竜宮に行くことが夢だC057	
623	0x00a538	70	ったのじゃよ…GN何回も試してみたのじゃが、やがて普通の人間では行くC058	
624	0x00a57f	69	ことができないとあきらめておったのですよ…GXしかし、U様のおかげでC059	
625	0x00a5c5	61	夢がかないましたGNU様のお話で、わしの頭の中に竜宮の姿がはC060	
626	0x00a603	20	っきりと見えましたぞ	
627	0x00a618	65	ありがとうU様GNあなたの竜宮のお話は一生忘れることはありませんぞ！	
628	0x00a65a	70	この村にはホデリとホオリという兄弟がいるんだGN二人はそれぞれ海と山C063	
629	0x00a6a1	50	の幸を取っているから海幸、山幸と呼ばれているんだよ	
630	0x00a79c	64	このヤマシロは豊かな村だGNきっと、いつかこの世界の中心になるんだ	
631	0x00a7dd	58	この村はヤマシロの村ですGNこれからはよい世界にしたいですね	
632	0x00a818	70	オワミの村に勝ったようだなWNしかし、この村もそういくとは限らんぞGXC003	
633	0x00a85f	50	よそ者にこの村をだまって渡すわけにはいかないからな	
634	0x00a892	70	今までは争いに勝つことしか考えていなかったが、これからは皆が平和にC005	
635	0x00a8d9	30	暮らせることを目指さなければ…	
636	0x00a8f8	70	この村では土師部による土器作りが盛んですよGN土器の中にはそれを作っC007	
637	0x00a93f	70	た人の力が乗り移ったような、すごい力を秘めたものがあるのですGN戦いC008	
638	0x00a986	58	の時にその力が放たれれば、強力な効果が得られることでしょう	
639	0x00a9c1	70	この村のあたりは昔から争いが多くてのう…GNそれで人の心も荒んでしまC010	
640	0x00aa08	56	っているのじゃよGNわしが死ぬ前によい世界にならんかのう…	
641	0x00aa87	58	心を持っていれば、世界はいつまでもなくならないはずですじゃ	
642	0x00aac2	69	おまえがUだなGN世界を救うなんて偉そうなことを言っているらしいなGXC014	
643	0x00ab08	53	しかし、本当は自分が支配者になりたいんじゃないのか？Y	
644	0x00ab3e	70	やはり、そうか…GNおまえなどに死んでもこの村を譲るもんか！WNさっさC016	
645	0x00ab85	12	と出て行け！	
646	0x00ab92	70	そんなうまいことを言ってもだまされないぞ…GN悪党はみんな甘い言葉でC018	
647	0x00abd9	16	人をだますんだ…	
648	0x00abea	70	ぼくの兄ちゃんはこの前の戦いで帰ってこなくなったんだGNいつもいっしC020	
649	0x00ac31	52	ょに遊んでくれたのに…GXもう、二度と会えないのかな…	
650	0x00ac66	59	いつかは戦いのない世界になるんだよねGN信じてるよU兄ちゃん！	
651	0x00aca2	70	ほう、Wあなたが大国主のU様か…GNこのヤマシロの村にようこそGXこの村C023	
652	0x00ace9	70	のあたりは昔から争いが絶えなく、私達は村を守るために戦い続けてきまC024	
653	0x00ad30	70	したGX今まで多くの血を流してきたのですGNそんな私達が信じられるのはC025	
654	0x00ad77	70	自分の力だけだということがわかりますか？GX村を守り、豊かな生活をすC026	
655	0x00adbe	70	るために戦ってきた私達が、この村をあなたに渡すことはできませんGNそC027	
656	0x00ae05	70	んなことをしたら、今までに流された血はなんのためだったのかがわからC028	
657	0x00ae4c	68	なくなってしまいますGXこれ以上お話をしても仕方がありませんGNどうC029	
658	0x00ae91	70	ぞお引き取りくださいGN戦うのであれば、私達もすべての力を出してお相C030	
659	0x00aed8	26	手させていただきますので…	
660	0x00aef3	60	これ以上、話をしても無駄と言ったはずですGNお引き取りください	
661	0x00af30	70	この村のイワサク、ネサクの兄弟はそれはすごい力持ちだGNあんな男達とC033	
662	0x00af77	35	戦うのはごめんだねN味方で良かったよ	
663	0x00b093	70	スサノオとアマテラスの言い伝えはこの村にもありますよGNしかし、スサC002	
664	0x00b0da	66	ノオが復活して世界が滅びるなんて、本当に信じている人は少ないですよ	
665	0x00b11d	70	この村の長は石占いが好きで、最近では村の行動も占いで決めているらしC004	
666	0x00b164	20	いよGN困ったもんだね	
667	0x00b179	68	前の長みたいに占いで行動を決めているとその通りにしか行動できなくC006	
668	0x00b1be	51	なってしまうんだねGXU様はそんなことはないですよね！	
669	0x00b1f2	70	ワナミの村にはなんでも海賊が来るらしいねGNこの村も近くだから注意しC008	
670	0x00b239	12	なければな…	
671	0x00b246	70	海で拾えるきれいな貝殻を首飾りにするんですGNでも、なかなかいい貝がC010	
672	0x00b28d	14	拾えなくって…	
673	0x00b29c	58	ワナミの海賊はいなくなったらしいねGNこれでこの村も安心だな	
674	0x00b2d7	70	この村は寒い地方に属するが、稲作はうまくいっているGNこれも私の見つC013	
675	0x00b31e	70	けた寒さに強い稲のおかげだよGXシナノの村のような寒い所でも丈夫に育C014	
676	0x00b365	66	つと思うよGNでもこの稲は他の村の者に分けてやることは出来ないけどね	
677	0x00b3a8	56	そうですかこの稲を必要としている村があるのですか…GXC016	
678	0x00b3e1	66	それではこのモミをお持ちくださいGNこれならばどこでも育つはずですよ	
679	0x00b424	40	私の稲がシナノでも丈夫に育つといいですね	
680	0x00b44d	64	この稲で、この村だけではなく、すべての村が幸せになるといいですね	
681	0x00b48e	69	あなたがU様ですな？GNあなたがここを訪れるのは占いにより、わかってC020	
682	0x00b4d4	70	いましたGNそしてあなたが村を譲れと言うことも…GXそれで前もって返答C021	
683	0x00b51b	69	を占ってみたのですGNそして、Wその結果は争いと出ましたGXわたしもあC022	
684	0x00b5a8	70	あなたと戦わなくてはなりませんGN村を譲ることはできませんので、どうC024	
685	0x00b5ef	20	ぞお引き取りください	
686	0x00b604	48	戦いは神の意志なのですGNどうぞお引き取りください	
687	0x00b635	57	UF005は農民にシナノの村が寒さに困っていることを告げたF007	
688	0x00b66f	64	でも、私がモミを渡したことは、この村の者には内緒にしてくださいね	
689	0x00b7cf	8	ってくれ	
690	0x00b7d8	46	ここはミノの村だGNこの先にはシナノの村があるよ	
691	0x00b807	70	このあたりじゃ馬を飼って、育てている住民が多いんだGN馬に乗った兵士C004	
692	0x00b84e	34	は戦場を駆け巡ることができるんだよ	
693	0x00b871	70	馬は人によくなれて、とても可愛いんだGN戦争の道具なんかにするのは、C006	
694	0x00b8b8	14	嫌なんだけど…	
695	0x00b8c7	54	早く馬達が戦いの道具にならないようになってほしいですね	
696	0x00b8fe	70	この村の騎馬部隊は向うところ敵なしだGNこの村を攻めるなら、大勢の兵C009	
697	0x00b945	34	を連れてくることだなGNはっはっはっ	
698	0x00b968	70	敵の村に攻め込む時には、部隊の練度や士気に注意することだGN練度や士C011	
699	0x00b9af	42	気が低ければ、思うように戦うことはできんぞ	
700	0x00b9da	70	この村の男達は血の気が多くてなGNいつも争いばかり起こしているのじゃC013	
701	0x00ba21	22	よWN困ったもんだのう…	
702	0x00ba38	70	この村の隣のシナノの村は標高が高い所にあるのだGNあれでは稲作も進歩C015	
703	0x00ba7f	16	しないだろうな…	
704	0x00ba90	69	おまえがUとかいう青二才かGX破壊神が復活するなどと言って、各地の村C017	
705	0x00bad6	69	を脅かしているようだが、Wこのわしにそんな脅しは通用せんぞGXわしはC018	
706	0x00bb1c	70	世界が滅びるなどこれっぽっちも信じてはおらんのだGNスサノオでもなんC019	
707	0x00bb63	70	でもこの腕で追い払ってくれるわいGXおまえもこの村を欲しかったら自分C020	
708	0x00bbaa	56	の力で奪ってみるがよいGNいつでもわしは相手になってやるぞ	
709	0x00bbe3	70	おまえも大国主を名乗るのであれば、その力を見せてみろGNそうでなけれC022	
710	0x00bc2a	62	ば世界をまとめることなどかなわんぞGXさあ、とっとと出て行け！！	
711	0x00bc69	43	U様はイブキの村には行かれましたかな？GXC024	
712	0x00bc95	61	なんでも山で猟が出来ないので困っているらしいのでな、W大国C025	
713	0x00bcd3	70	主のあなたのお力でなんとかしてやってくだされGXイブキにはわしの孫がC026	
714	0x00bd1a	32	住んでおるのでGN心配なんじゃよ…	
715	0x00bd3b	65	イブキの村の事件を解決してくださったのですなGNさすがはU様じゃのう	
716	0x00bd7d	70	早く平和な世の中になって欲しいのう…GNイブキの村の孫の顔を見に行きC029	
717	0x00bdc4	14	たいのじゃよ…	
718	0x00bdd3	70	おまえは見かけない顔だなGNそれに変わった格好をしているし…GXうーむC031	
719	0x00be1a	70	…W…W…GNあっ！！　Wおまえがスサノオだろう？GXえ？　W違うのか？GNC032	
720	0x00be61	60	そうだよな、スサノオならもうちょっと悪そうな顔をしているよな	
721	0x00be9e	62	スサノオとはどんな奴なのだろうGN出会ったらとっちめてやるからな	
722	0x00bedd	66	大国主の仕事はとても忙しいのでしょうな私などではとても勤まりまC035	
723	0x00c06a	43	{ここはシナノの村GN山に囲まれた静かな村だよ	
724	0x00c096	30	この村の先にはコシの村があるよ	
725	0x00c0b5	70	この村は高い所にあるし、平地も少ないのでなかなか大きな村になれないC003	
726	0x00c0fc	64	んだよGNせめて稲作がうまくいってくれれば、生活も楽になるのにな…	
727	0x00c13d	70	寒さに強い稲を探してきてくれたんだってねGNありがとうU様NこれからもC005	
728	0x00c184	20	よろしく頼みますよ！	
729	0x00c199	68	噂ではサガラカの村では普通の稲とは違う寒さに強い品種のものを育てC007	
730	0x00c1de	70	ているらしいGXこの村にもその稲があればとは思うが、こんな戦乱の中でC008	
731	0x00c225	46	はおいそれと譲ってくれるわけはないじゃろうな…	
732	0x00c254	61	サガラカの村から稲を分けてもらったのですなGNさすがはU様ですな	
733	0x00c292	52	この村の寒さは骨身にしみるわいGNまいった、まいった…	
734	0x00c2c7	33	ヤマタノオロチの話を御存知かな？Y	
735	0x00c2e9	70	そうかい、もしオロチと戦うなら大蛇の剣という武器を探すがよいGNそのC013	
736	0x00c330	68	剣はオロチ退治に威力を発揮するという話を聞いたことがあるのでなGNC014	
737	0x00c375	52	コシの村ならもっとその剣の詳しい話が聞けるとおもうぞ	
738	0x00c3aa	70	この村の先にあるヌマカワという村には、頭が八つもあるそれは恐ろしいC016	
739	0x00c3f1	66	怪物が現れるGNその怪物がヤマタノオロチなのじゃGXヌマカワの村でC017	
740	0x00c434	68	はその怪物を恐れるあまり毎年若い女性を生け贄としてオロチに供えるC018	
741	0x00c479	40	そうじゃよGNまったくむごいことじゃのう…	
742	0x00c4a2	69	オロチを倒したそうですなGNU様の武勇はこの村にもすでに及んでおりまC020	
743	0x00c517	70	この歳になると外に出るのもおっくうでのうGN家から出ない日が多くなっC022	
744	0x00c55e	8	て困るよ	
745	0x00c567	70	山での猟はよいときと悪いときの波が激しいので、生活が安定しないのでC024	
746	0x00c5ae	60	すGN自分で猟に出るわけにもいかないし、いらいらしちゃいますわ	
747	0x00c5eb	65	これからはよい生活が出来るような指導をお願いしますGNねっ！　U様！	
748	0x00c62d	69	あなたがU様ですなGNこの世界を救うために働いておられるとか…GXしかC027	
749	0x00c673	70	し、この村では世界の危機よりも、まず自分達の生活の方が重要なのですC028	
750	0x00c6ba	70	GXこのシナノは山に囲まれ、今まで常に食料に困ってきましたGN私も状態C029	
751	0x00c701	66	を良くしようと努力したのですがなにせ寒い場所にある村なので…GXC030	
752	0x00c744	70	世界のためにこの村をあなたにお譲りする気持ちはありますGNしかし、こC031	
753	0x00c78b	66	こで私がやめたら、今までの村人の努力に対して面目が立ちませんGNC032	
754	0x00c7ce	70	なんとか村人の生活を良くしてあげたいのですGXそれで村を譲る条件としC033	
755	0x00c815	70	て、あるものを手に入れてきてもらいたいのですGNそれはどこかの村にあC034	
756	0x00c85c	70	るという寒さに強い稲ですGNこれは噂なのですが、その稲は寒い場所でもC035	
757	0x00c8a3	70	丈夫に育つらしいのですGXその稲をこの村でも育てられれば、村人の生活C036	
758	0x00c8ea	70	も豊かになるでしょうGNこの戦乱の時に私が他の村を訪ねても、そんな貴C037	
759	0x00c931	70	重なものを分けてもらえるわけがありませんGNですから、大国主のあなたC038	
760	0x00c978	69	にこうしてお願いするのですGXどうでしょう、引き受けていただけますか？Y	
761	0x00c9be	70	そうですか、引き受けていただけますか！GNそれではあなたを信じてお待C040	
762	0x00ca05	14	ちしております	
763	0x00ca14	27	稲のことは頼みましたぞU様！	
764	0x00ca30	69	そうですか…　Wそれでは仕方がありませんなGNもし、お気持が変わりまC043	
765	0x00ca76	32	したら、またここにお越しください	
766	0x00ca97	41	おお！　WU様GN引き受けていただけますか？Y	
767	0x00cac1	69	お待ちしておりましたぞU様！GNとうとう稲を手に入れられたのですなGXC046	
768	0x00cb07	70	これでこの村の生活もよくなるはずですGN私も気持ちよくあなたに村を譲C047	
769	0x00cb4e	54	ることができますGNさあ、このシナノをお受け取りください	
770	0x00cb85	35	SF005シナノの村を譲り受けた！！F007	
771	0x00cba9	50	それでは準備がありますので、また後でお越しください	
772	0x00cbdc	68	この村のそばには大きな火山があるのです山の神がお怒りになって、噴C051	
773	0x00cc21	48	火が起こったら…GN恐ろしい被害になるでしょうな…	
774	0x00cc52	68	混乱した世界ゆえに、スサノオの力を借りようとする者が多いらしいGXC053	
775	0x00cc97	48	力だけが先走っては、破滅が待っているというのに…	
776	0x00cf01	51	f瀁ここはヤイヅの村だGN北に進むとサガムの村があるよ	
777	0x00cf35	70	この村には竜宮の伝説があるんだよGNそれは海の中にあって、とっても美C002	
778	0x00cf7c	42	しい所なんだってGNぼくも行ってみたいなあ…	
779	0x00cfa7	70	お兄ちゃんは竜宮に行ったんだってねGNぼくも大きくなったら行けるかなあ？	
780	0x00cfee	64	海の向こうには何があるのかなあ？GNいつかは行けるようになるよね！	
781	0x00d02f	69	この村では漁労が盛んだよGNしかし、最近は鮫の被害が多くてね…N漁がC006	
782	0x00d075	70	思うようにできないんだよGXこのままじゃ、おれたちもこの干物みたいにC007	
783	0x00d0bc	14	なっちまうよ…	
784	0x00d0cb	67	U様が竜宮の王にお願いしてくれたおかげで、鮫がいなくなりましたGNC009	
785	0x00d10f	70	これで漁も昔のようにできますよGXそう、それから海の神への感謝ももうC010	
786	0x00d156	42	二度と忘れませんよGNありがとうございました	
787	0x00d181	70	この間、鮫に襲われそうになったんだよWNあの鋭い牙でガブリといかれたC012	
788	0x00d1c8	70	ら…GNそれからは海が恐くてね…GXしかたがないから、漁には出ないで貝C013	
789	0x00d20f	26	を拾って暮らしているんだよ	
790	0x00d22a	70	鮫がいなくなったらしいので、漁に出ることにしましたよGN海に出るのはC015	
791	0x00d271	32	久しぶりなのでうきうきしますね！	
792	0x00d292	54	海での漁はつらいけど、食べるためには仕方がありませんな	
793	0x00d2c9	70	竜宮城にはきれいな女性が大勢いて、うまい酒がたんまりあるらしいよGXC018	
794	0x00d310	69	それに比べて、この現実の厳しいことよ…Wまったく、うちのかかあももC019	
795	0x00d356	44	っと優しくてきれいだったら少しはいいものを…	
796	0x00d383	70	なにやってんだ！　Wこのぼんくらおやじ！Gなまけてるんだったら手伝いな！	
797	0x00d3ca	22	ひいいーーーーーーーっ	
798	0x00d3e1	64	Uさんはいいなあ…　W竜宮城には行けるし、恐いかみさんはいないし…	
799	0x00d422	66	うちのかかあは人使いが荒くてね…GN毎日こき使われてまいっちゃうよ…	
800	0x00d465	68	竜宮の話だったら、いつも海を眺めてるじいさんが詳しいんじゃないのC025	
801	0x00d4aa	64	GX昔、竜宮に行こうとして、失敗したっていう話を聞いたことがあるよ	
802	0x00d4eb	69	Uさんは竜宮に行ったんだってねGN今度行くことがあったらあたしも天女C027	
803	0x00d531	70	に混ぜてくださいって、王様に頼んでくれないかね？GXあたしならもしかC028	
804	0x00d578	46	して王女になれるかもしれないねえGNうふふふふ…	
805	0x00d5a7	53	なんだねあんたは！　W人の家に勝手に入るんじゃないよ！	
806	0x00d5dd	70	わしはこうやって毎日海を眺めて、遥かかなたの竜宮に思いをはせているC031	
807	0x00d624	46	のじゃよGX一度でいいから行ってみたかったのう…	
808	0x00d653	69	なに？W  おまえさんも竜宮に行こうとしているのかい？WNううむ………C033	
809	0x00d699	70	GX大国主さんのような神に近い方なら行けるかも知れんのう…GNよし！　C034	
810	0x00d6e0	69	Wそれではオバリの村にいるじいさんを訪ねるがよいGNあのじいさんとはC035	
811	0x00d726	66	昔、いっしょに竜宮に行こうとした仲じゃGNきっと竜宮に行くためのC036	
812	0x00d769	68	竹かごを持っているはずじゃGXその竹かごしか、竜宮につながる潮路にC037	
813	0x00d7ae	70	乗れるものはないのじゃGNそのかごを手に入れたらまたわしの所においでC038	
814	0x00d7f5	38	GNそうすればわしが潮に乗せてやるからな	
815	0x00d81c	26	早くかごを手に入れておいで	
816	0x00d837	59	おお！　Wこのかごじゃよ！GNでは、さっそく挑戦するとしようか	
817	0x00d873	50	これで後は神様に祈るだけじゃGN無事を祈っておるぞ！	
818	0x00d8a6	37	どうじゃった！　W竜宮には着けたのか？	
819	0x00d8cc	44	SUF005は竜宮の様子の話を老人にしてあげたF007	
820	0x00d8f9	69	そうかい…　Wやはり竜宮は海のどこかにあったのじゃな…GNこれでわしC045	
821	0x00d93f	70	の夢もかなったよGNありがとうありがとう…GXできればオバリのじいさんC046	
822	0x00d986	68	にも竜宮の話をしてやってくれGNあのじいさんもずっと夢見ていたのじC047	
823	0x00d9cb	10	ゃからな…	
824	0x00d9d6	42	おお！　WUさんGN竜宮の話は一生忘れませんぞ	
825	0x00da01	67	あなたが大国主のU様ですかGX国譲りの話はこのヤイヅでも聞き及んでC050	
826	0x00da45	70	おりますGNしかし今、困った事が起きているのです…GXこの村では漁労がC051	
827	0x00da8c	70	盛んなのですが、最近になって急に鮫の被害が増えて、思うように漁がでC052	
828	0x00dad3	70	きないのですGN食料の多くを漁労に頼っているこの村では、これは死活問C053	
829	0x00db1a	69	題なのです…GXそれでなんとかして鮫を退治しようとしたのですが、WいC054	
830	0x00db60	70	かんせん海の中の敵ではらちがあかなくて…GXそれで神に近いというあなC055	
831	0x00dba7	70	たに願いがあるのですGNそれはこの村に伝わる、海を司るという竜宮の城C056	
832	0x00dc35	70	謝の気持ちをずっと忘れずに暮らしてきましたGN昔に比べて、その気持ちC058	
833	0x00dc7c	68	を忘れている漁民も増えていることは確かですが…GNしかし、王は話をC059	
834	0x00dd06	70	さいGN村人の生活が確保された後に村譲りのことは考えますので…GX引きC061	
835	0x00dd4d	23	受けていただけますか？Y	
836	0x00dd65	37	そうですか！　Wやっていただけますか！	
837	0x00dd8b	70	竜宮のことに詳しい老人がこの村にいるらしいので、まずはその老人と話C064	
838	0x00ddd2	43	をしてみてくださいGNよろしく頼みますぞU様！	
839	0x00de3c	70	のおかげでこの村は救われましたGNこれで私も思い残すことはありませんC067	
840	0x00de83	38	GNどうぞこのヤイヅをお受け取りください	
841	0x00deaa	35	SF005ヤイヅの村を譲り受けた！！F007	
842	0x00dece	70	それでは準備がありますので、外でお待ちくださいGN本当にありがとうごC070	
843	0x00df15	10	ざいました	
844	0x00df20	67	そうですか…　Wやはりそんな夢のような話を信じていただけるわけがC072	
845	0x00df64	70	ないですよね…GXそれでは自分達のことは自分でやることにしますGNどうC073	
846	0x00dfab	68	ぞお引き取りくださいGNもし引き受けてくださるのなら、この家をまたC074	
847	0x00dff0	18	訪ねてみてください	
848	0x00e003	41	おお！　U様N引き受けてくださるのですか？Y	
849	0x00e0dd	71	pこの村はニイバリGN忘れ去られたような小さな村だよGXこの村の先にはヌC001	
850	0x00e125	18	マカワの村があるよ	
851	0x00e17f	70	してきたのじゃよGXこんな小さな村でも、争いばかりしているよりは幸せC004	
852	0x00e1c6	40	に暮らせるのでな、いい村だとわしは思うよ	
853	0x00e236	64	GNでも、小さな村は大きな家族のようで、安心できるし、楽しいですよ	
854	0x00e277	70	先日、隣の家で子供が生まれたんですGN仲のよい家だから自分の事のようC008	
855	0x00e2be	58	にうれしくって…GN元気に育つように協力していきたいですね！	
856	0x00e2f9	70	この村は昔から何も変わっちゃいないよGN文化も遅れているけど、人と人C010	
857	0x00e340	38	のつながりはどこの村よりも深いと思うよ	
858	0x00e367	70	隣のヌマカワの村では、ヤマタノオロチという怪物に困っているらしいねC012	
859	0x00e3ae	60	GNなんでも若い女性が生け贄にされているとか…GN恐ろしいことだ	
860	0x00e41c	68	ヤマタノオロチを退治されたそうですなGNなんと勇気のあるお方なのだろう	
861	0x00e461	54	ぼくに弟が出来たんだGN赤ちゃんは小さくてかわいいよね！	
862	0x00e498	70	大国主のお兄ちゃんは世界を良くしてくれるんでしょうGNみんな仲よくでC017	
863	0x00e4df	10	きるよね！	
864	0x00e4ea	70	あなたが大国主様ですかGN遠い所をようこそいらっしゃいましたなGXこのC019	
865	0x00e531	70	ニイバリは小さく貧しい村ですGN私が大国主のあなたにこの村を譲らないC020	
866	0x00e578	70	理由は何もありませんGXしかし、このことだけは忘れないでくださいGNこC021	
867	0x00e5bf	68	の村は小さくても村人達と力を合わせて苦しいながらもやってきましたC022	
868	0x00e604	68	GX他の村の長達は村の発展を考えるあまり、村人達の絆をないがしろにC023	
869	0x00e649	70	していますGN思えばこれが今の混乱の元ではないでしょうか？GX自分本意C024	
870	0x00e690	68	に富を求め、発展のために自然を犯すGNこれこそがスサノオの求める力C025	
871	0x00e6d5	56	なのだと思いますGX私はあなたの力と正しい心を信じますC026	
872	0x00e70e	68	GNさあ、こんな小さな村ですが、お受け取りくださいGNそして、素晴らC027	
873	0x00e753	48	い世界になるようにこれからも共にがんばりましょう	
874	0x00e784	37	SF005ニイバリの村を譲り受けた！！F007	
875	0x00e7aa	62	それでは、少し外でお待ちくださいGNすぐに命令の準備をしますので	
876	0x00e8b6	8	p厓朴冪B	
877	0x00e90e	70	このサガムの長は戦乱の世になってからというもの、人が変わってしまいC002	
878	0x00e955	70	ましたGNスサノオの力を求めるようになったのも、村との争いに勝ちたいC003	
879	0x00e99c	70	という思いなのからなのですGNそして最近では何かに取り憑かれたようにC004	
880	0x00e9e3	70	なってしまって…GXU様、Wどうぞこの村を攻めてくださいGN争いは破壊とC005	
881	0x00ea2a	70	憎しみを生みますが、そこからよい方向へと向うための力も生まれるのでC006	
882	0x00ea71	70	すGXこの村の長のような人間が多い今、本当に世界は滅びてしまうかも知C007	
883	0x00eab8	70	れませんGNわれわれの犠牲など気にせず、世界のために村をまとめてくだC008	
884	0x00eb06	65	これからU様の指導で、この村も昔のように平和な村になるじゃろうて…	
885	0x00eb48	69	あなたがU様ですね？GNやっとお会いすることができましたGX実はあなたC011	
886	0x00eb8e	60	にこの櫛をお渡ししようとしてお待ちしていたのですGXこの橘C012	
887	0x00ec10	68	、あなたのお噂を聞き、これはあなたのような方に使っていただく方がC014	
888	0x00ec55	64	世の中のためだと思ったのですGXよろしければ、これをお使いください	
889	0x00ec96	70	この櫛は身に付けていると、不思議な力で持主を守ると言われていますGNC016	
890	0x00ecdd	38	きっとお役に立つこともあると思いますよ	
891	0x00ed04	45	U様が御無事にすごせるよう、お祈りしております	
892	0x00ed32	70	この村の先にあるニイバリの村は小さいけれど、よい人達が住んでいる村C019	
893	0x00ed79	46	ですよGNあんな村を戦乱に巻き込みたくないですね	
894	0x00eda8	70	こう争いばかり続いていては、この村はもうだめだな…GNいったい長は何C021	
895	0x00edef	24	を考えているのだろうか…	
896	0x00ee08	68	私もいつ戦場で死んでしまうかわかりません…GNですから家族と毎日をC023	
897	0x00ee4d	70	大事に暮らしていますGN死んでしまったら、もう二度と会えないのですからね	
898	0x00ee94	70	このサガムのあたりの海は荒れることで有名ですGN船を利用する人達は海C025	
899	0x00ef22	30	に犠牲になった人もいるようです	
900	0x00ef41	70	橘の櫛を手に入れたのですなGNその櫛は昔、海を鎮めるために人柱となっC028	
901	0x00ef88	70	た女性の持物だと言われていますGX持主の優しい心が乗り移った、素晴らC029	
902	0x00efcf	50	しいものなのでしょうGNどうか大事になさってください	
903	0x00f013	70	SF005この男は何か異様な雰囲気がしているNまるで何かに取り憑かれていC032	
904	0x00f05a	12	るようだF007	
905	0x00f067	70	おまえが…　WUか…GN世界をまとめるなどと調子のいいことを言っているC034	
906	0x00f0ae	70	そうだが、おまえは実はただの侵略者ではないのか？GX戦争により、罪のC035	
907	0x00f0f5	70	ない人を殺し、憎しみの種をばらまいているのではないのか？GXおまえのC036	
908	0x00f13c	70	世界を救おうという行動は憎しみを生み、逆にスサノオ様の復活の力となC037	
909	0x00f183	69	っているのだGXそろそろ、あがくのはよさんかUよGNスサノオ様の復活はC038	
910	0x00f1c9	68	もうそこまで来ているのだぞ…GXこの村を攻めるなら、攻めるがよいGNC039	
911	0x00f20e	64	憎しみが世界に溢れるのは大歓迎だGNさあ、帰ってよく考えるんだな！	
912	0x00f24f	50	まだ、頼みにくるというのか？GNとっとと帰るんだな！	
913	0x00f282	70	この葦原中国は本州と西州の二つの大陸に分れているGXしかし、この大陸C042	
914	0x00f2c9	70	のほかにも暗黒の大陸と呼ばれる場所がどこかにあるそうなのだGNその大C043	
915	0x00f310	60	陸は、この世界の終りが近付くときに、どこからか姿を現すそうだ	
916	0x00f779	70	最近この村に海賊達がやって来るのですGN漁師の人達はいやがらせをされC002	
917	0x00f7c0	60	て困っているようだけど…GN何かこの村に恨みでもあるのかしら…	
918	0x00f7fd	70	海賊は前の長の息子さんだったなんて…GNそれで、この村の長に恨みを持C004	
919	0x00f844	68	っていたのですねGX確かにあの長ならどんなひどいこともしたでしょうね…	
920	0x00f889	42	この村の隣のコシの村はとても大きな村ですわ	
921	0x00f8b4	62	海賊のことは聞かんでくれよ…GN他の村の者に話すことじゃないよ…	
922	0x00f93a	16	感謝していますよ	
923	0x00f94b	55	これからはよい村になるように指導をお願いしますよ  U様！	
924	0x00f983	68	ここだけの話だが、この村に来る海賊の首領は、この村の長に恨みを持C011	
925	0x00f9c8	64	っているんだよGXそれは前の長の…　Wいや、Wもう話はよそう誰がC012	
926	0x00fa09	28	聞いているかわからんからな…	
927	0x00fa26	69	U様が倒した長はサザナギの父をだまして殺したことを隠して、この村のC014	
928	0x00fa6c	68	長になったのですよGXそのことを口外しようとする者を脅して…GNしかC015	
929	0x00fab1	69	し、これからはこの村もU様のお力で良くなりますよねGNいや、そうなりC016	
930	0x00faf7	10	ますとも！	
931	0x00fb02	68	この村の先にはコシやスサといった村がありますよGNそしてその先にはC018	
932	0x00fb47	38	海を隔てて、多くの村があるらしいですな	
933	0x00fb6e	70	村の者達が口にしていることは気にしないでくれGN海賊は本当に悪い奴らC020	
934	0x00fbb5	12	なのだから…	
935	0x00fbc2	70	長がいなくなったおかげで、みな言いたいことを言えるようになりましたC022	
936	0x00fc09	26	よGNありがとうございました	
937	0x00fc24	70	戦いが続くと、気持ちが暗くなりますなGN早く平和になって欲しいと思いC024	
938	0x00fc6b	8	ますよ…	
939	0x00fc74	34	この村の長ならこの家の中におられる	
940	0x00fc97	60	何をかぎまわっているのだ？GN大国主なら、早く海賊を倒してくれ	
941	0x00fcd4	50	海には海賊が出て危険ですので、近寄らないでください	
942	0x00fd07	37	海賊のねぐらの島に行かれるのですね？Y	
943	0x00fd2d	16	では、こちらです	
944	0x00fd3e	70	そうですか、島に向われるのなら私に声をかけてくださいGN船を用意しまC031	
945	0x00fd85	8	すので…	
946	0x00fd8e	68	U様！NW…W…W…実は…　Wいや…GNできれば海賊を殺さないで欲しいとC033	
947	0x00fdd3	66	思いまして…GXいや、WわざわざU様がお手を汚されることもないかとC034	
948	0x00fe16	48	思いまして…GNそれでは気を付けて向ってください…	
949	0x00fe47	65	おや…W  あなたが噂の大国主様ですな？GNこれはこれは遠い所までC036	
950	0x00fe89	70	ようこそおいでくださいましたなGXなんでもあなた様は世界を救うためにC037	
951	0x00ff17	70	GXそれでですな、私もこの村をあなたにお譲りしようとお待ちしていたのC039	
952	0x00ffa5	70	海賊達に襲われて困っているのですよ…GXあいつらはどこからともなく、C041	
953	0x010033	64	手当たり次第に襲う本当にひどい奴らなんですよ…GXあなたに村をC043	
954	0x010074	69	お譲りしたくても、このままでは悔しくて…GXそれで大国主のU様にお願C044	
955	0x0100ba	70	いがあるのですGNあの海賊達をあなた様のお力で倒していただければ、私C045	
956	0x010101	70	も晴れて村をお譲りできるというものですGXどうでしょう、海賊退治を引C046	
957	0x010148	25	き受けていただけますか？Y	
958	0x010162	69	そうですか！　W奴らのねぐらはこの村の沖の小島ですGN島へはこの村のC048	
959	0x0101a8	70	者に送らせますので、海岸の入り口にいる男に声をかけてくださいGXそれC049	
960	0x0101ef	70	ではよろしく頼みますぞU様GNくっくっ…　Wいや何でもないですGN思い出C050	
961	0x010236	12	し笑いですよ	
962	0x010243	49	え？　W何ですか？GN引き受けていただけるのですね？	
963	0x010275	70	おお、U様GN早く海賊を退治してくださいよGXまあ、U様のお力なら奴らなC053	
964	0x0102bc	38	ど虫けら同然でしょうなGNはっはっはっ！	
965	0x0102e3	69	やあ、よくやってくださいましたなU様GN村人を代表して礼を言いますぞC055	
966	0x010329	69	GXは？　W村譲り？WNそんなことを約束しましたか？GN覚えがございませC056	
967	0x01036f	70	んな…GN何か勘違いをなされているのではないですか？GXとにかくお引きC057	
968	0x0103b6	38	取りくださいGN私も忙しい身ですからな…	
969	0x0103dd	42	しつこい方ですなGNとっとと帰ってくだされ！	
970	0x010408	44	もうこの村に用はないはずGN早く立ち去ってくれ	
971	0x010435	58	海賊達はいなくなったようですねGNこれで平和になるのかしら…	
972	0x010470	66	あの長にだまされて海賊を倒したのですな…GN本当の悪は長の方なのに…	
973	0x0104b6	57	それじゃあ、一気に長の所へまっしぐらだ！GNいくぜ、Uさん！	
974	0x0104f0	20	邪魔だっ！　どけっ！	
975	0x010505	16	ひいいいっーー！	
976	0x010516	16	うりゃああっ！！	
977	0x010527	36	おお！　W親方！N遅かったじゃねえか！	
978	0x01054c	22	おお！　親方が来たぞ！	
979	0x010563	70	とうとうやって来たか…　Wこの虫けらどもめ！GNUよ、おまえもこんな奴C070	
980	0x0105aa	70	らに力を貸すなど、ほとほと甘い男よのう…GNなぜ自分の欲望のままに生C071	
981	0x0105f1	70	きんのだ？GNわしにはおまえの気持ちがわからんよ…GXまあいい、まとめC072	
982	0x010638	26	て片付けてやるわWN今だ！！	
983	0x010653	55	ううっ！　Wくそっ…　W毒矢とは…Nどこまでも汚い野郎だ…	
984	0x01068b	57	わっはっは！　Wさあ、すぐにとどめをさしてやるぞGNかかれ！	
985	0x0106c5	19	Uさん！　頼んだぞ…	
986	0x0106d9	59	ううっ…　Wまだ死にたくない…WN死に…Wた…W…W…  Wうぐっ…	
987	0x010715	27	やったー！　W長を倒したぞ！	
988	0x010731	31	うわっ！　W長がやられたーーー！	
989	0x010751	70	いてて…　WありがとうUさん…GNおれのけがはたいしたことはないよGXこC080	
990	0x010798	69	れでこのワナミも昔のようなよい村になるはずだGNおれもUさんの手伝いC081	
991	0x0107de	16	をさせてもらうよ	
992	0x0107ef	70	みんな！　Wもう海賊ごっこは終りだGNこれからはこのU様と、世界をよくC083	
993	0x010836	20	するために働くんだ！	
994	0x01084b	10	おーーっ！	
995	0x010856	70	それじゃ、ちょっとけがの手当てをしますんで、失礼しますGNこれからはC086	
996	0x01089d	43	U様のために働きますよ！GXそれではまた後で！	
997	0x0108c9	38	早く平和な世の中になって欲しいですな…	
998	0x0109cf	70	ここはコシの村だGNこの村のまわりにはワナミ、シナノ、ヌマカワといっC001	
999	0x010a16	12	た村があるよ	
1000	0x010a23	70	この村の鍛冶屋にはオロチ退治の剣を作る秘伝が伝えられているそうだよC003	
1001	0x010a6a	70	GXヌマカワに現れたという怪物と戦うんだったら、作ってもらってみたらC004	
1002	0x010ab1	52	どうだい？GX鉄鉱を持っていけば作ってもらえるはずだよ	
1003	0x010ae6	64	本当に伝説のヤマタノオロチと戦ったのかい？GNおっそろしい人だねえ	
1004	0x010b27	70	このコシの村はここいらでは一番大きな村だよGNでも、あまりいいことはC007	
1005	0x010b6e	33	ないねN平和に暮らせるのが一番だよ	
1006	0x010b90	70	この村の長はあなたの勢力を警戒しているのですGN世界を自分のものにすC009	
1007	0x010bd7	70	るという野望を邪魔されないためにねGX大国主様は世界の平和のために活C010	
1008	0x010c1e	68	動されているというのに…GNまったく、このコシが強い村になってからC011	
1009	0x010c63	66	長は人が変わってしまいましたよ…GN人間の欲望とは恐ろしいものですな	
1010	0x010ca6	68	この村はこれから変わって行くでしょうGNもちろん世界をよくするためにね	
1011	0x010ceb	70	ここから西に行ったところにスサという村があるんだGNなんでもその村のC014	
1012	0x010d32	70	そばにある沼には昔から怪物が棲んでいるらしいよGXその怪物のおかげでC015	
1013	0x010d79	46	スサの村は発展できないんだと言われているからね	
1014	0x010da8	65	スサの村の怪物を倒したんですってねGNまったく、U様は大活躍ですな！	
1015	0x010dea	70	玉飾りなどを身に付けた女性は魅力的だよねGNキラキラしてて、つい引きC018	
1016	0x010e31	20	付けられちゃうよね！	
1017	0x010e46	68	この葦原中国は二つの大陸に分れているGNこのコシの村などがある方がC020	
1018	0x010e8b	70	本州GNそしてアナトの村から海を渡った先が西州だGX西州には強い力を持C021	
1019	0x010ed2	53	った村がひしめいているらしいぞGNがんばりなされやU様！	
1020	0x010f08	70	この村には鍛冶屋などのいろいろな家があるよGNここらで装備を整えたらC023	
1021	0x010f4f	10	どうかな？	
1022	0x010f5a	67	おまえが大国主のUだな！WNこの村が欲しければ攻めてくるがよいGNひC025	
1023	0x010f9e	24	ねりつぶしてやるからな！	
1024	0x010fb7	70	こうしてみると、戦いに明け暮れていた自分が恥ずかしいですよGX戦いでC027	
1025	0x010ffe	59	手柄を立てて、富を得ようなんて…W本当に恥ずかしい限りですよ	
1026	0x01103a	70	ほう、ようやくここまでやってきたか大国主！GN仲間だけで乗り込んでくC029	
1027	0x011081	70	るとは、度胸だけはあるようだなGNもっとも人を疑うことを知らない、まC030	
1028	0x0110c8	70	ぬけなのかも知れないがなGXこのコシを話し合いで自分のものにしようとC031	
1029	0x01110f	70	思っても、そうはいかんぞ！GNほかの弱小の村ならいざしらず、この村はC032	
1030	0x011156	70	今に、この世界の中心となるのだからなGX攻め取るというなら来るがよいC033	
1031	0x01119d	68	！GN泣きを見るのはどっちなのかはっきりさせてやるGNさあ！　帰るんC034	
1032	0x0111e9	32	しつこい奴だな！GNとっとと帰れ！	
1033	0x01120a	70	いらない武器や防具は商人のところで天つ実や山ぶどうに変えるといいでC037	
1034	0x011251	70	すよGN薬はたくさん所持できるし、戦闘でいざというときに役に立ちますよ！	
1035	0x011584	38	dこの村はヌマカワN玉造の盛んな村ですよ	
1036	0x0115ab	49	しかし…  W今は石を拾いに行くこともできないのです	
1037	0x0115dd	50	この村のまわりにはコシやスサといった村がありますよ	
1038	0x011610	64	最近ヤマタノオロチという怪物が、この村を荒らしに来るのですGNC004	
1039	0x011698	44	すGXそれまでは伝説のものだと思っていたのに…	
1040	0x0116c5	70	噂ではオロチの復活には、スサノオの力が関係しているのではないかと言C007	
1041	0x01170c	66	われていますGNスサノオがオロチを操っているとでも言うのでしょうか…	
1042	0x01174f	69	ヤマタノオロチには首が八つもあるそうだW奴を倒すにはその首をすべてC009	
1043	0x011795	64	切り落とさねばならないとも言われているGNなんとも恐ろしい怪物だ…	
1044	0x0117d6	57	オロチを倒したのですねGNU様は噂に違わぬ勇気の持主ですな！	
1045	0x011810	70	オロチの陰にはやはりスサノオが潜んでいたのですねGN本当にスサノオがC012	
1046	0x011857	30	復活するのが近いのでしょうか…	
1047	0x011876	70	古い書物ではオロチは年に一度、生け贄と供え物を求めて山から降りてくC014	
1048	0x0118bd	70	ると書かれているGXこう毎週のように生け贄を求めるというのは、おかしC015	
1049	0x011904	70	い気がするのう…GN何か別の力が働いているのであろうか…GXもしや、スC016	
1050	0x01194b	70	サノオの…GNいや、これは考えすぎじゃな、気にせんでくれGXあっと！　C017	
1051	0x011992	69	Wそれからもし、おまえさんがオロチを倒しに行くというのなら、長の話C018	
1052	0x0119d8	70	を聞いてから、ここに来てくれんかGNオロチを倒すための、ちょっとしたC019	
1053	0x011a1f	16	考えがあるのでな	
1054	0x011a30	64	オロチを倒しに行くのですなGNそれではこの酒を持って行ってくだされ	
1055	0x011a71	69	この酒は普通のものを非常に強くした酒なのじゃGNこの通り…　Wうっ！C022	
1056	0x011ab7	69	GNふう…　Wにおいだけで酔ってしまいそうじゃわいGXこれを酒好きなオC023	
1057	0x011afd	54	ロチに飲ませることが出来れば、戦いも楽になるじゃろうて	
1058	0x011b34	17	頼みましたぞU様！	
1059	0x011b46	70	オロチを倒してくれたのですな！GNしかし、やはりスサノオの力がオロチC026	
1060	0x011b8d	70	を操っていたとは…GXこのままでは力を取り戻したスサノオは本当に復活C027	
1061	0x011bd4	50	を果たすかも知れませんな…GN恐ろしいことじゃのう…	
1062	0x011c07	69	ああ…　Wサヨリヒメは行ってしまったのですね…GN素直ないい娘だったC029	
1063	0x011c4d	66	のに…GX長もさぞ悲しんでおられることだろうな…しかし、オロチをC030	
1064	0x011c90	70	静め、村を救うためにはほかに方法が…GXU様！　Wあなたのお力でなんとC031	
1065	0x011cd7	48	かしてくれませぬか？GNこのままではこの村はもう…	
1066	0x011d08	70	オロチのために若い娘が生け贄にされているのですGN次は長の娘のサヨリC033	
1067	0x011d4f	70	ヒメが生け贄に…GX私はもうそれほど若くないから、生け贄には選ばれなC034	
1068	0x011d96	61	いけど…GXちょっと！　W何うなずいてんのよ！WN失礼しちゃうわ！	
1069	0x011dd4	70	オロチを退治してくれたのですね！GNこれでみな悲しい思いをしなくてよC036	
1070	0x011e1b	70	いのですねGX私を生け贄にしようと、誰も言わなかったのには失望したけC037	
1071	0x011e62	65	ど…GXひどいわよ…　Wちょっと歳を取っているからって…GN若けれC038	
1072	0x011ea4	32	ばいいってもんじゃないわよねえ？	
1073	0x011ec5	70	この村の玉造の技術はとても高いのですGN近くに材料になるきれいな石がC040	
1074	0x011f0c	38	取れる場所があるので、発達したのですよ	
1075	0x011f33	70	ぼくのおねえちゃんはもうすぐ連れて行かれちゃうんだ…GNオロチに食べC042	
1076	0x011f7a	26	られちゃうなんてひどいや…	
1077	0x011f95	55	おねえちゃんが…　Wかわいそうだよう…WNやめてよーーー！	
1078	0x011fcd	64	Uさん！　Wお願いだよGNオロチを倒しておねえちゃんを助けてよ！C045	
1079	0x01200e	34	GNあんな怪物ぐらい倒せるんでしょ？	
1080	0x012031	32	さあ、参りましょうサヨリヒメ様…	
1081	0x012052	46	はい…　Wこれも村のためですN恐くなどありません	
1082	0x012081	69	元気でね…　Wお父さんやお母さんの言うことをよく聞くのよGNおねえちC049	
1083	0x0120c7	58	ゃんは村の平和のために行くのですからねGN元気で暮らすのよ…	
1084	0x012102	70	あなたが大国主様ですか…GN実は最近、このヌマカワのそばにある洞窟にC051	
1085	0x012190	70	を襲うのですGXそれで言い伝えに従い、生け贄の女性をオロチに供えるこC053	
1086	0x0121d7	70	とになったのですが、効果がないようなのですGNもう何人もの若い女性がC054	
1087	0x01221e	70	オロチの餌食に…GXそして、次の生け贄に私の娘がなることになってしまC055	
1088	0x012265	69	ったのですGXU様！　Wお願いです！N私の娘を助けてください！GNオロチC056	
1089	0x0122ab	68	を倒して、娘を助けていただければ私はすぐにこの村をお譲りしますのC057	
1090	0x0122f0	70	で…GN娘は私の生きがいなのです…　Wあの子がいなくなったら…　W私はC058	
1091	0x012337	62	もう………GXお願いします…　Wお願い…NWうっ…W  うううう………	
1092	0x012376	70	娘はこの村のそばの洞窟にいますGN早く助けてやってください！Nうっ…WC060	
1093	0x0123bd	16	　うううう………	
1094	0x012415	56	だよGN大人の人は首飾りの材料なんかにしているみたいだね！	
1095	0x01244e	68	この村の鍛冶屋では玉飾りをあしらった鎧を作ってくれるんだGNなんでC064	
1096	0x012493	58	もヒスイなどの石の持つ力が、防御する力を高めるんだそうだよ	
1097	0x0124ce	70	この村は山に囲まれているので、おれ達猟師ががんばらないといけないんC066	
1098	0x012515	40	だよGN大変だけど、やりがいがある仕事だね	
1099	0x01253e	70	わしにはスサノオの力が強まっているのが感じられますじゃGN急がねばなC068	
1100	0x012585	15	りませんぞU様！	
1101	0x012595	17	う…Wうえーーん！	
1102	0x0125a7	70	あっ！　WUさん！GNおねえちゃんを助けてくれたんだね！GNほんとにありC071	
1103	0x0125ee	8	がとう！	
1104	0x0125f7	69	この度は命を助けていただきありがとうございましたGNこれからは私もUC073	
1105	0x01263d	28	様と働かせていただきますので	
1106	0x01265a	38	おねえちゃーん！　川に遊びに行こうよー	
1107	0x012681	54	甘えちゃって仕方がないわね…GNいいわよ！　行きましょう	
1108	0x0126b8	12	やったー！！	
1109	0x0126c5	50	それではちょっと失礼しますGNありがとうございました	
1110	0x0126f8	69	おお！　WU様！GNオロチを倒してくれたのですな！GX娘も帰ってきて…NC079	
1111	0x01273e	70	なんとお礼を言っていいことやら…GNありがとうございましたGX娘一人のC080	
1112	0x012785	70	ために取り乱してしまうような男に、もう長などを名乗る資格はありませC081	
1113	0x0127cc	42	んGXどうぞこのヌマカワをお受け取りください	
1114	0x0127f7	37	SF005ヌマカワの村を譲り受けた！！F007	
1115	0x01281d	70	それでは、準備がありますので外でお待ちくださいGNそれから、娘があなC084	
1116	0x012864	58	たを捜していたのですが…GN会ったら声をかけてやってください	
1117	0x012a1a	12	村があります	
1118	0x012a27	70	この村のそばにある沼には、昔から怪物が棲むと言われておってな、このC003	
1119	0x012a6e	60	村の者は誰も近付かんよGXおまえさんも命が惜しかったら、関C004	
1120	0x012aab	16	わらないことじゃ	
1121	0x012abc	69	沼の怪物を倒してしまったというのか！GNううむ…　Wおまえさんの力はC006	
1122	0x012b02	70	すごいものがあるようだが、その力を悪い方向に向けないように注意なさC007	
1123	0x012b4e	68	沼の怪物と戦った者の話では、その怪物はヌメヌメとした皮膚によってC009	
1124	0x012b93	58	守られており、多少の攻撃は受け付けないそうだGXしかも、C010	
1125	0x012bce	70	その生命力は恐ろしく高く、身体をばらばらに切り刻みでもしなければ、C011	
1126	0x012c15	60	倒すことはできないそうだGNそんな怪物を倒すのは至難の技ですな	
1127	0x012c52	70	怪物は大きなサンショウウオだったんですか…GNしかし、よく倒しましたC013	
1128	0x012c9f	64	怪物は森の奥深くの沼に潜んでおるGN森にむやみに立ち入る者は、C015	
1129	0x012ce0	28	あの怪物の餌食となるであろう	
1130	0x012cfd	70	怪物は確かにこれまで、この村の発展を妨げてきたGNしかし、これで沼はC017	
1131	0x012d8b	62	物はこれまで沼を守るために、人間達と戦ってきたのかも知れんな…	
1132	0x012dca	70	この村の隣のアナトから西州へは、昔は自由に行き来ができたんだGNしかC020	
1133	0x012e5f	70	この世界が滅んでしまったらどうなってしまうんだろう…GNそれを考えるC023	
1134	0x012ea6	16	と夜も眠れないよ	
1135	0x012eb7	68	スサノオの力はすべての村の生活が安定し平和になった時に弱まるといC025	
1136	0x012efc	70	うGN村を譲ってもらうだけでなく、経営によって、村を豊かにしていますC026	
1137	0x012f43	9	かなU様？	
1138	0x012f4d	70	西の方から伝えられた土器は薄くて、しかも丈夫なのですGN文化が進んでC028	
1139	0x012f94	12	いるのですね	
1140	0x012fa1	70	森は神様がいるから近付いちゃだめだってじいちゃんによく言われたのよC030	
1141	0x012fe8	38	GNそんなに神様っておっかないのかなあ？	
1142	0x01300f	58	森の神様をやっつけちゃったの？GNおにいちゃんは強いんだね！	
1143	0x01304a	70	森にはかわいい動物がいっぱいいるのGNウサギとかリスとかとってもかわC033	
1144	0x013091	12	いいんだよ！	
1145	0x01309e	70	あなたが大国主様ですかGNこのスサの村にようこそいらっしゃいましたGXC035	
1146	0x0130e5	70	この村のそばに沼があるのに気が付かれたと思いますが、実はあの沼にはC036	
1147	0x01312c	64	昔から怪物が棲んでいるのですGXあのあたりはとても肥沃な土地でC037	
1148	0x01316d	70	、そこを利用すれば、この村の稲作も発展するでしょうGNそしてこの村もC038	
1149	0x0131b4	56	大きくすることができるのですが…GXこの村を発展させるC039	
1150	0x0131ed	69	のが私の夢でしたGNU様の噂を聞き、この村も譲ろうと思っていましたがC040	
1151	0x013233	70	、この村の発展を妨げてきたあの怪物…GNあの沼の怪物を倒していただきC041	
1152	0x01327a	70	たいのですGXいままで私の努力を邪魔してきた、あいつがいなくなれば私C042	
1153	0x0132c1	70	も思い残すことなく、この村をお譲りできますGN村人達もそう望んでいるC045	
1154	0x013308	66	怪物は森のどこかの沼の中に潜んでいるはずですGN無理な話だとは思C044	
1155	0x01334b	36	いますが、どうかよろしくお願いします	
1156	0x013370	10	と思います	
1157	0x01337b	69	おお、U様！WN怪物を倒したのですなGNこれでこのスサも大きく豊かな村C047	
1158	0x0133c1	69	になっていくでしょうGXさあ、これからはこのスサをU様のお力で育ててC048	
1159	0x013407	14	いってください	
1160	0x013416	33	SF005スサの村を譲り受けた！！F007	
1161	0x013438	52	それでは準備がありますので、また後ほどおいでください	
1162	0x01346d	69	あなたが大国主のU様かね？思っていたより若く立派な方じゃのうGN早くC052	
1163	0x0134b3	24	よい世界にしてくださいよ	
1164	0x0134cc	70	西州には強い村が多いらしいねGN特にハヤトとクマソという村は大きく強C054	
1165	0x013513	12	い村らしいよ	
1166	0x0135c3	13	wOv$v茁要嘛Cu	
1167	0x013659	12	西州の地だ…	
1168	0x0136ad	70	するという噂が広まっているそうですGNその大陸がどこにあるかなどは、C004	
1169	0x0136f4	26	誰も知らないそうですけどね	
1170	0x01370f	69	U様はここまでの行動で、村の経営をおろそかにしてはいませんかな？GXC006	
1171	0x013755	70	すべての村で食料生産が安定し、人口が増え、生活が安定しなければならC007	
1172	0x01379c	12	ないのですぞ	
1173	0x0137a9	70	この本州の果てのアナトの地まで、よくいらっしゃいましたなGXしかし、C009	
1174	0x0137f0	70	気を抜くのはまだ早いですぞ！GNすべての村をまとめ、スサノオを倒すまC010	
1175	0x013837	38	ではあなたの使命は終らないのですからな	
1176	0x01385e	68	言い伝えではスサノオは新たな身体を得てどこかで復活するというGXそC012	
1177	0x0138a3	50	の復活の地は西州のどこかの村の近くに現れるというぞ	
1178	0x0138d6	70	U様ですな！Nよくぞここまで無事に参られましたな！GNずっとお待ちしてC014	
1179	0x01391d	70	おりましたぞ！GXこのアナトの村は本州と西州を結ぶ重要な村ですGN世界C015	
1180	0x013964	70	の混乱をこれ以上広げないために、私達はあなたがおいでになるまで、こC016	
1181	0x0139ab	70	の村を死守してきたのですGXあなたが無事に参られたので私の役目は一応C017	
1182	0x0139f2	52	終りましたGNさあ、このアナトの村をお受け取りください	
1183	0x013a27	35	SF005アナトの村を譲り受けた！！F007	
1184	0x013a4b	70	しかし、あなたが西州に渡るためには、ひとつ条件を付けさせてくださいC020	
1185	0x013a92	69	GNそれは本州のすべての村をひとつにまとめることですGXまだ、U様は本C021	
1186	0x013ad8	70	州で譲り受けていない村がありますGNまず本州をひとつにまとめ、足元をC022	
1187	0x013b1f	70	固めてから、西州にお渡りくださいGX本州をまとめてから、海の入り口にC023	
1188	0x013b66	70	いる兵士に声をかければ、西州まで送らせるように伝えておきますのでGXC024	
1189	0x013bad	54	それでは、早く残った村を譲り受け、西州に渡ってください	
1190	0x013be4	70	さあ、西州に渡ってくださいGN海の入り口にいる兵士にツクシの村まで送C026	
1191	0x013c2b	68	らせるように話をしてありますのでGXただ、本州の村でまだ食料生産がC027	
1192	0x013c70	65	安定しておらず、人口の少ない村があるのでしたらGその村の状態をC028	
1193	0x013cb2	70	よくしてから西州に渡ったほうがいいと思いますGXすべての村が安定し、C029	
1194	0x013cf9	70	人口が増えなければスサノオの力は弱まらないのですぞ！GXちなみにこのC030	
1195	0x013d40	56	アナトの村も争いにより、安定しているとは言えませんGNC031	
1196	0x013d79	57	この村にもU様の御指示をお願いしますGNそれではまた後ほど！	
1197	0x013db3	70	海には人を通すなと、長にきつく言われておりますので、お通しするわけC033	
1198	0x013dfa	14	にはいきません	
1199	0x013e09	65	U様ですねGN本州に譲り受けていない村がなくなるまでは、あなたをC035	
1200	0x013e4b	70	通さないようにと、前の長に言われておりますので…GN申し訳ないのですC036	
1201	0x013e92	38	が、ツクシにお渡しすることはできません	
1202	0x013eb9	46	U様、お待ちしておりましたWさあ、参りましょう！	
1203	0x013ee8	36	それではお気をつけて、向ってください	
1204	0x013f0d	70	人口がなかなか増えない村は食料供給の状態をよく調べてくださいGNそしC040	
1205	0x013f54	68	て技術力や文化が低くないかなどの問題点を解決していってくださいGXC041	
1206	0x013f99	70	すべての村が豊かにならなければ、スサノオは倒せないそうですから村のC042	
1207	0x013fe0	28	経営も怠ってはいけませんぞ！	
1208	0x01400a	16	w窈www威s`灣`wwu	
1209	0x01413a	20	アタの村がありますよ	
1210	0x01414f	68	この西州には、このツクシを含めて、七つの村がありますGNまた西州にC003	
1211	0x014194	68	は中央に高い山脈があるために、海沿いにしか、村を移動できないんですよ	
1212	0x0141d9	70	この村に本州の人が来るのは、久しぶりじゃのうGN向こうの様子はちっとC005	
1213	0x014220	30	もわからんので、心配じゃったよ	
1214	0x01423f	53	これからはこの西州もU様のお力でよくなることでしょうな	
1215	0x014275	68	ハヤトとクマソの村はこの西州の中でも強い力を持っているGNあの村のC008	
1216	0x0142ba	60	男達は気が荒く、戦いに長けているから、手が付けられないんだよ	
1217	0x0142f7	70	ハヤトやクマソと戦う必要があるならば、この私も西州の男の意地を見せC010	
1218	0x01433e	55	ましょうぞGハヤトやクマソの男には負けられませんからな！	
1219	0x014376	31	ヤマという村の話は御存知かな？Y	
1220	0x014396	62	ヤマの村はスサノオ復活の鍵を握る村と噂されておるGN注意なされよ	
1221	0x0143d5	70	ヤマという村は実際にあるかはわからないのだが、伝説ではどこかの大陸C014	
1222	0x01441c	70	の上にあるそうじゃGXその村ではスサノオを最高神と崇め、日夜スサノオC015	
1223	0x014463	70	復活のための祈りを捧げているそうじゃGNそのヤマの村が、この葦原中国C016	
1224	0x0144aa	64	の乱れと呼応して、スサノオの力を強めているのではないじゃろうか…	
1225	0x0144eb	69	SF005家の中では巫女らしき女性がこちらをぼんやりと見ていたGNどうやC018	
1226	0x014531	30	ら、神懸りしているらしい…F007	
1227	0x014550	70	スサノオは…　W今…　W焦りを感じていますW世界に自分の力となる、W混C020	
1228	0x014597	69	乱や憎しみの力が弱まりつつあるからです…GXそして…　WスサノオはヤC021	
1229	0x0145dd	69	マの村の民の信仰心を、より強く求めているようです…GN今、WヤマではC022	
1230	0x014623	70	…　W邪悪な魂が…　W儀式のために…GXUよ…　W早く…W…W…WNううっ…C023	
1231	0x01466a	20	　Wこ、Wこれ以上は…	
1232	0x01467f	29	SF005巫女は正気に戻った…F007	
1233	0x01469d	64	………W何者かが、私の力を邪魔していますGしかし、アマテラス様C026	
1234	0x0146de	70	のお言葉では、どこかで何か恐ろしい事が行なわれているようですGXスサC027	
1235	0x014725	38	ノオの復活に関係しているのでしょうか…	
1236	0x01474c	70	スサノオの発する気は、一時より弱まっているようですが、まだ油断はでC029	
1237	0x014793	70	きませんGN早く、アマテラス様の言うヤマの村を捜してくださいGNそこにC030	
1238	0x0147da	44	スサノオ復活の鍵が隠されているはずですから…	
1239	0x014807	70	とうとう、西州に参られたのですな！NU様！WN今まで、ずいぶんお待ちしC032	
1240	0x01484e	70	たのですぞ！GXさて、このツクシは御存知の通り、西州と本州を結ぶ重要C033	
1241	0x014895	70	な位置にある村ですGNですから、戦乱が広がらないように本州側のアナトC034	
1242	0x0148dc	70	の村の長と協力して、今までがんばってきましたGX今、この西州ではクマC035	
1243	0x014923	70	ソとハヤトの二つの村の勢力が強まっていますGXこの二つの村は昔から、C036	
1244	0x01496a	66	戦いが得意でしたGNそして、戦乱の時代を迎え、その力を発揮して、C037	
1245	0x0149ad	70	暴れているのですGNそのために、この西州は本州にも増して、混乱してしC038	
1246	0x0149f4	70	まっていますGXこれからこの西州をまとめるために、彼らを抑えるのは簡C039	
1247	0x014a3b	50	単にはいかないと思いますが、私はあなたの力を信C040	
1248	0x014a6e	70	じていますGXさあ、この小さなツクシの村ですが、この西州での足掛りとC041	
1249	0x014ab5	12	してください	
1250	0x014ac2	35	SF005ツクシの村を譲り受けた！！F007	
1251	0x014ae6	50	それでは準備がありますので、また後でおいでください	
1252	0x014b19	70	巫女のお告げでは、スサノオは一時のような勢いを失ったそうだGNその理C045	
1253	0x014b60	70	由は葦原の本州の混乱が治まったかららしいGXこれで希望が見えてきましC046	
1254	0x014ba7	11	たな　U様！	
1255	0x014dc8	66	れない方ですなGX実は今、この村では恐ろしい病気が流行っていて、C002	
1256	0x014e0b	70	もう何人もその病気で倒れてしまってな…GNいつ病気をもらうかわからなC003	
1257	0x014e52	70	いので、人とは会わないようにしているのじゃよGN村に人がいないのもそC004	
1258	0x014e99	70	のためなのじゃよGXスサノオの復活という噂もあるし、もうこの世も終りC005	
1259	0x014ee0	8	かのう…	
1260	0x014ee9	65	あなたが本州を混乱から救ったという大国主のU様ですかGXアタの村C007	
1261	0x014f2b	68	は西州の中でも小さく静かな村ですGXしかし、西州の混乱に巻き込まれC008	
1262	0x014f70	70	、村は厳しい状況におかれていますGXですが、それ以上に困っていることC009	
1263	0x014fb7	68	があるのですGX村人が病気の流行ですべてのことに投げやりになっていC010	
1264	0x014ffc	70	るのですGNスサノオの復活で世界が終るという噂も村人の不安をかきたてC011	
1265	0x015043	70	ていますGX病気にかかれば死ぬと思いこみ、私の話に耳を貸してくれませC012	
1266	0x01508a	68	んGXあげくに、私まで病気にかかっているという噂が流れる始末で…GXC013	
1267	0x0150cf	69	病気は治るのです！　W確かに死者も出ましたが、薬草を調合して安静にC014	
1268	0x015115	69	していればよくなるんです！GXU様、あなたが世界を救うという話はこのC015	
1269	0x01515b	66	村まで届いておりますGXどうか村人を説得していただけないでしょうか？	
1270	0x0151a7	53	村人達に真実を伝えてやってくださいGNお願いしますU様…	
1271	0x0151dd	27	おや？　W何の御用ですかな？	
1272	0x0151f9	66	SUF005は病気の治し方や世界の危機は救えることを熱心に説明した…F007	
1273	0x01523c	70	そうですか、よくわかりましたN大国主のU様の言うことなら間違いはないC023	
1274	0x015283	44	ですものな！GNこのことを私も皆に伝えますぞ！	
1275	0x0152b0	40	この村の長は本当に病気じゃないんですか？	
1276	0x0152d9	44	SUF005は噂による誤解を解くために話をしたF007	
1277	0x015306	69	そうなんですか！　W病気は薬を飲めばなおるものなのですねGNこれでやC027	
1278	0x01534c	70	っと人と自由につき合うことができますわGN私もこのことをみんなに伝えC028	
1279	0x015393	8	ますわ！	
1280	0x01539c	70	噂というものは人の間を伝わる間に大きくなるものなのですね…GNおしゃC030	
1281	0x0153e3	32	べりも気を付けないといけませんね	
1282	0x015404	32	本当におまえは病気じゃないのか？	
1283	0x015425	69	そうか！　W病気は薬でなおるのか…GN村長が病気だなんて疑ってしまっC033	
1284	0x01546b	69	て…  W悪いことをしてしまったなあ…GXおれもみんなにこのことを伝えC034	
1285	0x0154b8	56	スサノオはあなたが倒してくれるというのは本当なのですか？	
1286	0x015538	20	ことを説明した…F007	
1287	0x01554d	69	そうですか…　Wこれまで私達は噂に振り回されていたようですねGN人をC039	
1288	0x015593	70	信じて暮らすという一番大事な事を忘れてしまっていたようです…GX私もC040	
1289	0x0155da	69	村の者に伝えて回りますので、U様は長の所へ行き、村はもう昔のようにC041	
1290	0x015620	47	なったと伝えてくださいGNそれでは！　Wまた後で！	
1291	0x015650	70	おお、U様！　W村人を説得していただけたのですな！GNこれで昔のようにC043	
1292	0x015697	68	平和な村に戻ることができるでしょうGXこれで私も思い残すことなく、C044	
1293	0x0156dc	64	あなたにこの村をお譲りすることができますGNありがとうございました	
1294	0x01571d	33	SF005アタの村を譲り受けた！！F007	
1295	0x015782	30	あなたを待っていると思いますよ	
1296	0x0157a1	70	クマソの村の沖に不気味な霧の塊が近付いているそうですGN漁師達も気味C049	
1297	0x0157e8	70	悪がって、誰もそばには行かないそうですよGN何が霧の中にあるのですかね？	
1298	0x01582f	67	村を救っていただいて、ありがとうございましたGNU様は素敵な方ですね！	
1299	0x015873	70	この村は疫病と西州の混乱によって、村人も少なくなってしまっているのC052	
1300	0x0158ba	42	じゃよ…GN早く、よい世の中にならんかのう…	
1301	0x0158e5	55	この村はアタの村Nもう昔のような平和な村に戻りましたわ！	
1302	0x01591d	69	U様、この村を救っていただいてありがとうございましたGNこの村の先のC055	
1303	0x015963	68	ヒムカの村は天上界とこの世界をつなぐ扉を守っているという話を聞いC056	
1304	0x0159a8	70	たことがありますGNなんでもその扉は世界の危機の時に開くとか…GXまずC057	
1305	0x0159ef	57	はヒムカの長と話をすることですなWNがんばってくださいよU様	
1306	0x015a29	67	おお！　U様！GNこのじじいも皆を説得するためにがんばっておりますぞ！	
1307	0x015a6d	70	まったくおれ様としたことが、病気ぐらいでびびっちまって、恥ずかしいC060	
1308	0x015ab4	70	かぎりですよGNよく考えたら、生まれてから寝込んだことなんかないのにC061	
1309	0x015afb	24	ねWNがっはっはっはっ！！	
1310	0x015b14	70	この村の先にあるヒムカの村には、この地上と天上界を結ぶ扉の伝説があC063	
1311	0x015b5b	46	るらしいGX本当にそんなものがあるのじゃろうか…	
1312	0x015b8a	70	スサノオの復活が騒がれているが、いったいスサノオとは何者なのだろうC065	
1313	0x015bd6	69	U様のお力で、世界の混乱は収まってきたそうですGNがんばってくださいC067	
1314	0x015c21	50	この村はアタの村GNこの先にはハヤトの村がありますわ	
1315	0x015d59	70	}ここはヒムカの村Nこの村のそばの山には天上界とこの世界をつなぐ扉がC001	
1316	0x015da0	64	あると言われていますわGN詳しいことは長にでも訪ねてみてくださいね	
1317	0x015de1	68	この村の先にはハヤトの村がありますわGNハヤトの村には気の荒い男のC003	
1318	0x015e26	32	人が多いので気を付けてくださいね	
1319	0x015e47	68	タカチホの山は昔から、神聖な場所として大事にされてきましたGNしかC005	
1320	0x015e8c	70	し、最近になって不気味な怪物が棲みついてしまって、山に近付くことがC006	
1321	0x015ed3	64	できないんですよGXまるで、誰かが山に入るのを拒んでいるようだよ…	
1322	0x015f14	70	山に向われるのですね？GNあの山は頂上に着くまで、迷路のようになってC008	
1323	0x015f5b	30	いますGN慎重に行動してください	
1324	0x015f7a	70	子供の頃に、天への扉を開く者が世界を救うという話を聞いたことがありC010	
1325	0x015fc1	51	ますGN私はU様がその世界を救う方だと信じていますよ！	
1326	0x015ff5	47	クマソの沖に現れたという霧の話を聞きましたか？Y	
1327	0x016025	68	私はその霧とは伝説のヤマ村があるという暗黒の大陸を覆っているものC013	
1328	0x01606a	70	だと思うのですGXこれが本当だったら、いよいよ世界の終りが近付いていC014	
1329	0x0160b1	51	ることになりますGN早く、なんとかしてくだされ　U様！	
1330	0x0160e5	70	そうですか、その霧はクマソの村の沖に現れ、不気味な力によって、人をC016	
1331	0x01612c	18	近付けないそうです	
1332	0x01613f	70	クマソの村は暗黒の大陸からの敵を食い止めるために、遣わされた民だとC018	
1333	0x016186	70	いう話を聞いたことがありますGNしかし、クマソの長はそんなことは知らC019	
1334	0x0161cd	70	ないようですけどねGN与えられた力を自分の欲望のために使っているのでC020	
1335	0x016214	8	すから…	
1336	0x01621d	70	その昔にも、スサノオの復活がささやかれた時代があったそうじゃGNしかC022	
1337	0x0162ab	70	力を合わせて、この危機を乗り越えなければならんGN今を生きている自分C024	
1338	0x0162f2	62	達だけのことでなく、未来まで人間達がこの世界に住めるようにな！	
1339	0x016331	70	おや？　Wどちら様かな？WN………Wむむっ！　WあなたはもしやU様ではっC026	
1340	0x016378	69	！GXおお…　W世界を救う人物がおいでになることをずっと待ち続けておC027	
1341	0x01644c	70	上界をつなぐ扉があるのですGNそしてこの地上界が危機にあるとき、扉をC030	
1342	0x0164da	70	GXU様！　W私はあなたこそが扉を開く者だと信じていますGNさあ、すぐにC032	
1343	0x016521	18	山に向ってください	
1344	0x016534	70	山には最近怪物が出るようなので、注意して進んでくだされGNがんばってC034	
1345	0x01657b	12	くださいよ！	
1346	0x0165cf	70	聞かせていただきましたGXやはり、あなたは言い伝えの通りの扉を開く力C037	
1347	0x016616	70	を持った方だったのですなGN私もこれで山を守ってきたかいがあるというC038	
1348	0x01665d	69	ものですよ！GXさあ、急ぎましょうN早く世界の混乱を鎮めなければ、大C039	
1349	0x0166a3	22	変なことになりますぞ！	
1350	0x0166ba	35	SF005ヒムカの村を譲り受けた！！F007	
1351	0x0166de	50	それでは準備がありますので、また後でおいでください	
1352	0x016711	67	この村の隣はハヤトの村Nハヤトの騎馬兵士ば、とても恐れられていますよ	
1353	0x016755	70	天上界への扉を開かれたのですねGNこれで、この世界にも希望が見えてきC044	
1354	0x01679c	10	ましたよ！	
1355	0x0167a7	70	U様がいれば、スサノオの復活も恐くありませんわGNだって、U様は世界をC046	
1356	0x0167ee	32	救うために現れた方なのですから！	
1357	0x0168cb	43	pここはハヤトの村GNこの西州の中でも強い村だ	
1358	0x0168f7	62	これからはこの村の強さを、平和のために使わなければなりませんな	
1359	0x016936	70	このハヤトはクマソの村と、対等に戦える力を持つ強い村だGNまあ、おれC003	
1360	0x01697d	46	達はクマソの者と違って、野蛮なだけではないがな	
1361	0x0169ac	70	クマソの兵士は戦場で、すごい働きをするので有名だGN神から戦うためのC005	
1362	0x0169f3	52	力を与えられたというのはまんざらうそではないようだな	
1363	0x016a28	69	なんだおまえは？　W見かけない顔だが、他の村の者がうろうろしているC007	
1364	0x016a6e	18	と、痛い目に合うぞ	
1365	0x016a81	70	スサノオの復活などわしは恐くはないが、これほど世界が混乱しては、こC009	
1366	0x016ac8	22	の先が心配ではあるな…	
1367	0x016adf	70	このハヤトの騎馬兵は、その機動力で恐れられているGN戦場を風のようにC011	
1368	0x016b26	50	駆け抜ける兵士は、男のわしが見てもほれぼれするわい	
1369	0x016b59	70	ヤマという村の民はスサノオを最高神として崇めているというGNそして、C013	
1370	0x016ba0	70	その神体とされているのが、巨大な龍の石像なのだそうだGXその龍にスサC014	
1371	0x016be7	68	ノオの復活した魂が宿るときこの世を破壊しつくすものが生まれるといC015	
1372	0x016c2c	42	うGNこの伝説がいつか現実になるのだろうか…	
1373	0x016c57	70	おや…　WとうとうやってきたかUよGNいよいよ、この葦原全体を支配するC017	
1374	0x016ce5	58	かなう村はないだろうGNしかし、だまってこの村を渡すわけC019	
1375	0x016d20	56	にはいかんGX戦わずによそ者に渡したとあっては、この村C020	
1376	0x016d59	67	の男達は許さないだろうGXUよ、おまえがこの村を得るための道はただC021	
1377	0x016d9d	70	ひとつWNこのハヤトと戦うことだGXこの村に勝てないようでは、クマソはC022	
1378	0x016de4	62	おろか、世界をまとめることなどできんぞGNさあ、帰っていくさC023	
1379	0x016e23	22	の準備でもするんだな！	
1380	0x016e3a	53	もうおまえに話すことなどないぞ！Nさっさと帰るんだな！	
1381	0x016e70	70	この村の鍛冶屋では、鉄で弓矢を作ることができるんだGNその威力は大きC026	
1382	0x016eb7	42	いが、扱いにくいので失敗も多くなるだろうな	
1383	0x016ee2	28	あなたは大国主様なのですか？	
1384	0x016eff	60	そうですか、ではウサの村にいるという大国主様が本物なのですな	
1385	0x016f3c	70	いや、この村の隣のウサの村にも大国主がいるという話を聞いたものですC030	
1386	0x016f83	40	からなGNさて、どういうことなんですかね？	
1387	0x016fac	70	最近、ヤマの村とか、スサノオの復活とか物騒な話をよく聞きますよGN何C032	
1388	0x016ff3	28	が起こっているのですかねえ…	
1389	0x01705a	13	ww 威gl炸Z炸l	
1390	0x0171de	13	威xl炳l炳Zww[	
1391	0x017323	32	この村には大国主様がいるんだよ！	
1392	0x017344	38	この村には本物の大国主様がいるんだよ！	
1393	0x01736b	70	この村には大国主様がおられるのだGNそのおかげで、この村は争いもなくC004	
1394	0x0173b2	30	、平和に暮らすことができるのだ	
1395	0x0173d1	67	あら？　W見かけない方ですが、どちらの村からおいでになったのですか？	
1396	0x017415	27	UF005自分の身分を告げたF007	
1397	0x017431	70	あなたが大国主ですって！WNうそを言わないでくださいよGN大国主のヤチC008	
1398	0x017478	50	ホコ様なら、門番のいる家の中におられるんですから…	
1399	0x0174ab	30	一体、どういうことなのかしら…	
1400	0x0174ca	70	大国主はクマソの村も話し合いでまとめるなんて、うまい話を言っているC011	
1401	0x017511	70	が、そんなうまくいくはずがないよ…GN戦うしか、この村が生き残る道はC012	
1402	0x017558	16	ないというのに…	
1403	0x017569	70	この村に古くから語り継がれている話に、この世が乱れるとき力の神が現C014	
1404	0x0175b0	67	れ、不死の龍がよみがえるというものがあるGX力の神とは…　Wそう、C015	
1405	0x0175f4	64	スサノオを指すのじゃろうな…GNこれがただの伝説ならばよいのだが…	
1406	0x017635	68	しかし、この村の大国主様が、なんとかしてくれるだろうから安心じゃよ！	
1407	0x01767a	70	しかし、本物の大国主様がこうしてがんばっておられるのだGN心配するこC018	
1408	0x0176c1	14	ともなかろう！	
1409	0x0176d0	27	おや？　Wどちら様ですかな？	
1410	0x0176ec	47	UF005は長に自分が大国主であることを告げた…F007	
1411	0x01771c	69	何ですと！！　Wあなたも大国主だと言うのですか！GNこの村にはすでにC022	
1412	0x017762	70	アマテラス様から使命を受けたという、大国主様がおられるのですぞ！GXC023	
1413	0x0177a9	69	これは…　W一体どうしたことじゃろうか…GXわしはもう頭がおかしくなC027	
1414	0x0177ef	50	とにかく、この村の大国主様に会ってくだされ…GNC025	
1415	0x017822	69	それからまた、お話を聞くことにしますのでなGXやれやれ…　W困ったこC026	
1416	0x017868	16	とになったのう…	
1417	0x017879	16	りそうじゃわい…	
1418	0x01788a	68	私が大国主のヤチホコですGNこの私に何の御用ですかな？GXWおや？　WC029	
1419	0x0178cf	69	あなたは…W…W…WNむむむ…　W！？　Wもしやっ！GXあなたが大国主のUC030	
1420	0x017915	70	様ですねっ！GNこ、Wこれは、し、W失礼しましたっ！GXあなたのお名前をC031	
1421	0x01795c	54	勝手に利用したことは、この通りにお詫びいたしますGNC032	
1422	0x017993	64	しかし、この私の話も聞いてくださいGXこの村はクマソとハヤトとC033	
1423	0x0179d4	56	いう強い村にはさまれ、恭順するか戦うかで、村の中の意C034	
1424	0x017a0d	70	見が大きく分れてしまいましたGNそして、他の村に何をされることもないC035	
1425	0x017a54	70	のに、村の中で争いが起こるようになってしまったのですGXその頃、私はC036	
1426	0x017a9b	70	世界を救うというあなたのお噂を耳にしましたGNそして、分裂してしまっC037	
1427	0x017ae2	70	た村をまとめるために、自分がアマテラス様に使命を受けた大国主だと、C038	
1428	0x017b29	70	うそをついたのですGX私は悪事を働くために、あなたのお名前を使ったわC039	
1429	0x017b70	70	けではないのです…GN生まれ育ったこの村を救いたい一心だったのです…C040	
1430	0x017bb7	70	GN本当に申しわけありませんでした…GXとにかく、村の者達には私が真実C041	
1431	0x017bfe	69	を告げてまわりますGNU様は長の所をお訪ねになってくださいGN村譲りのC042	
1432	0x017c44	42	ことも、きっと承諾してくれるはずですから…	
1433	0x017c6f	65	しかし…  Wうそだったことがわかったら、どんなとがめを受けるやら…	
1434	0x017cb1	46	大国主のヤチホコ様なら、この家の中におられます	
1435	0x017ce0	58	しかし、今は村の仕事が忙しいので、面会はお断りしております	
1436	0x017d1b	62	長がヤチホコ様にお会いになれと言われたのですねGNそれではどうぞ	
1437	0x017d5a	69	おい！　W一体どういう事なんだ！GNこの世に二人も大国主がいるわけなC048	
1438	0x017da0	70	いだろう！GXもしかして、おまえたちはぐるになって、この村の者をだまC049	
1439	0x017de7	70	そうとしているんじゃないのか？GNふざけたことをすると、ただじゃおかC050	
1440	0x017e2e	8	ないぞ！	
1441	0x017e37	69	ちょっと！　Wどういうことなのよ！GNアマテラス様から使命を受けたとC052	
1442	0x017e7d	26	いうから、信じていたのに…	
1443	0x017e98	45	一体どういうことなんだNはっきり説明してくれよ	
1444	0x017ec6	19	ああっ！　Wみんな…	
1445	0x017eda	70	この方は本物の大国主のU様なんだ…GNつまり…　WおれはにせものだったC056	
1446	0x017f21	70	ということなんだ…GXでも、おれがうそをついたのも、この村がばらばらC057	
1447	0x017f68	30	になりそうだったからなんだよ！	
1448	0x017f87	24	わかってくれよ、みんな！	
1449	0x017fa0	23	なっ！　W許してくれよ！	
1450	0x017fb8	69	いや、Wおまえは自分が大国主だと偽って、この村の者をだましたんだGNC061	
1451	0x017ffe	70	いくら村がそのおかげで、まとまったからといっても、許すわけにはいかC062	
1452	0x018053	32	F005どこからか声が聞こえる…F007	
1453	0x018074	69	みなさん…　W私の声が聞こえますか？GN私の名はアマテラス…GXヤチホC066	
1454	0x0180ba	70	コよ、あなたは誤ったことをしたわけではありませんGNおまえの村を救おC067	
1455	0x018101	68	うという気持ちは私にはよくわかっていますよGX大国主とはこの世界をC068	
1456	0x018146	69	救うために働く者のこと…GNそれは一人だけではなく、Uも、ヤチホコもC069	
1457	0x01818c	70	、そしてみなさんも世界を救うための大国主なのですGX世界を破滅から救C070	
1458	0x0181d3	70	うためには、みなが力を合わせなければならないことを忘れないでくださC071	
1459	0x01821a	70	いGN一人だけの働きではなく、みなさんが力を合わせることによって、世C072	
1460	0x018261	28	界を救うことが出来るのです…	
1461	0x01827e	69	今の声はいったい…　Wしかし、確かにヤチホコを責めたのは間違いだっC074	
1462	0x0182c4	70	たようだな…GXこの村を守るためにはまず、村の者が力を合わせなければC075	
1463	0x01830b	70	いけなかったのに…GXすまなかったな…　Wヤチホコ…GNこれからはU様をC076	
1464	0x018352	58	中心にみんなで力を合わせて、よい村になるように努力しよう！	
1465	0x01838d	48	すまなかったなヤチホコGNこれからも仲よく頼むよ…	
1466	0x0183be	44	Uさん　Wこれからはこの村をよろしく頼みますよ	
1467	0x0183eb	28	さあ、長の所へ向ってください	
1468	0x018408	67	いろいろ迷惑をかけて、申しわけありませんでしたGNこれからはU様のC081	
1469	0x01844c	54	下で働かせていただきますので、よろしくお願いいたします	
1470	0x018483	48	これからはみんなで力を合わせて、がんばりますよ！	
1471	0x0184b4	70	アマテラス様の声が聞こえるなんて…GNいつもアマテラス様は私達を見守C084	
1472	0x0184fb	56	っていてくれるのですねGNスサノオの復活も恐くないですわ！	
1473	0x018534	69	クマソの村ではU様を迎え撃つ準備をしているそうですよGN気をつけてくC086	
1474	0x01857a	8	ださいね	
1475	0x018583	58	この村の隣のイトの村には、ヒミカという鬼道師がいるらしいよ	
1476	0x0185be	70	ヤマの村に行くための方法を知っているという老人が、クマソの村にいるC089	
1477	0x018605	62	らしいよGNしかし、ヤマなんて村が本当にあるのかはわからないがね	
1478	0x018644	70	おお、U様！Nアマテラス様の話は村人達から聞きましたぞGX今回の事件がC091	
1479	0x01868b	70	起きたのは、私の指導がいたらなかったからです…GN村が混乱した時に、C092	
1480	0x0186d2	70	私がしっかりと村人をまとめていれば、こんなことにはならずにすんだとC093	
1481	0x018719	70	反省しています…GX他人の力を頼ることだけを考えていて、自分の力を信C094	
1482	0x018760	70	じて行動することを忘れてしまっていたのですね…GXとにかく、こうしてC095	
1483	0x0187a7	70	大国主様を迎えて、この村もまとまることも出来ましたGNこれからは共にC096	
1484	0x0187ee	40	世界の危機を救うためにがんばりましょう！	
1485	0x018817	32	F005ウサの村を譲り受けた！！F007	
1486	0x018838	50	それでは準備がありますので、また後でおいでください	
1487	0x0189c7	62	この村は鬼道師のヒミカ様が動かしているのだGX長は何をしていC002	
1488	0x018a06	50	るのかって？GN長はヒミカ様のお告げを実行するだけさ	
1489	0x018a39	70	これからは大国主様がこの村を動かすのですなGN早く争いのない世界にしC004	
1490	0x018a80	12	てくださいよ	
1491	0x018afd	64	クマソの村の沖に現れた霧は、日増しに大きくなっていますGNまたC008	
1492	0x018b3e	70	霧の正体を探りに行った人は、誰も帰ってきていないようですGN何が霧のC009	
1493	0x018b85	22	中にあるのでしょうか…	
1494	0x018b9c	70	昔、漁に出たときに妙な場所に流れ着いたことがあるのじゃGNそこには村C011	
1495	0x018be3	70	があり、空にそびえる高い建物があったのだ…GX夢のようなきれいな場所C012	
1496	0x018c2a	42	だったが、あの村はどこだったのじゃろうか…	
1497	0x018c55	70	ヤマの村は海のかなたにある、暗黒の大陸の中にあり、この世が乱れる時C014	
1498	0x018c9c	70	にクマソの村の沖に現れるというGXしかし、その島を包む霧は人が近付くC015	
1499	0x018ce3	58	ことを拒むというGN霧に包まれた村の中でヤマの住民達は、C016	
1500	0x018d1e	68	村の神体である龍がよみがえる日を待って祈りを捧げているのだそうじゃ…	
1501	0x018d63	69	あなたがU様ですな…GNここにあなたがいらっしゃることは、ヒミカ様のC018	
1502	0x018da9	70	お告げによって、存じ上げておりましたGXあなたはスサノオの復活を防ぎC019	
1503	0x018df0	70	、世界を滅亡から救うために活動されているそうですなGNしかし、ヒミカC020	
1504	0x018e37	70	様にはもう、この世界の未来が見えているはずですGXヒミカ様の未来を見C021	
1505	0x018e7e	70	通す目には間違いはありませんのでな…GNとにかく、ヒミカ様とお話をしC022	
1506	0x018ec5	70	てくださいGXあなたにこの村を托すかは、ヒミカ様のお言葉ひとつにかかC023	
1507	0x018f0c	16	っていますので…	
1508	0x018f1d	62	ヒミカ様は今、未来に魂を飛ばしていますGN声をかけないでください	
1509	0x018f5c	70	とにかくヒミカ様にお会いくださいGNあなたにこの村を托すかは、ヒミカC026	
1510	0x018fa3	38	様のお言葉ひとつにかかっていますので…	
1511	0x018fca	68	あなたがU様ですね？Nここまでの道のりの苦労はよく存じあげていますC028	
1512	0x01900f	70	よ…GXさて、この世界の未来は私の見たところ、暗い闇に覆われてしまっC029	
1513	0x019056	70	ているようですGNしかし、未来は空にある雲のように、常に動き続けていC030	
1514	0x01909d	70	ますGXそう、未来は決まっている事ではなく、自分達の行ないによって変C031	
1515	0x0190e4	70	化しうるのですGNあなたは未来を覆う暗い闇をはらう力を持っていますGXC032	
1516	0x01912b	69	スサノオはたぶんこの世に現れるでしょうWしかし、あなたにはそれを倒C033	
1517	0x019171	70	せる可能性があるのですGN私はこの世界の未来をあなたの力に托しますGXC034	
1518	0x0191b8	69	さあ、このイトの村をお受け取りくださいWそして、最後の村クマソへ急C035	
1519	0x0191fe	12	いでください	
1520	0x01920b	32	F005イトの村を譲り受けた！！F007	
1521	0x01922c	59	これからは私の力もU様のために使ってくださいGNそれではまた…	
1522	0x019268	70	この祭壇では雨乞いや豊作を祈願したりするのですよGN能力の高い鬼道師C039	
1523	0x0192af	44	の人であれば、その効果はすばらしいものですよ	
1524	0x0192ed	70	この村はヒミカ様のお告げのおかげで、豊かな生活が保証されているのだC042	
1525	0x019334	30	GNまったくすばらしいことじゃよ	
1526	0x019574	69	不気味な霧がこの村に近付いているNいよいよ破壊の神がこの村にやってC002	
1527	0x0195ba	70	来るのだろうか…GNしかし、このクマソはその破壊の神と戦う使命を持っC003	
1528	0x019601	44	た村だGN死力を尽くして戦わなければなるまい…	
1529	0x01962e	62	霧の中に向われるのですな…GN必ずや、生きて帰って来てくださいよ	
1530	0x01966d	31	チヌマの神殿の話を聞いたかい？Y	
1531	0x01968d	60	実はこの村の沖にある霧の中には大陸があるらしいんだGXそのC007	
1532	0x0196ca	68	大陸の中には二つの村があって、ひとつは伝説で有名なヤマの村GNもうC008	
1533	0x01970f	70	ひとつがチヌマという村らしいんだGXなんでもそのチヌマの村の中には高C009	
1534	0x019756	62	い神殿があって、そこでスサノオへの祈りが捧げられているらしいよ	
1535	0x019795	36	本当にそんな神殿なんかあるのかねえ？	
1536	0x0197ba	69	おまえが大国主のUだな！WN返り討ちにしてくれるから、早く攻めてくるC012	
1537	0x019800	10	がよいわ！	
1538	0x01980b	70	ヤマの村のそばにある神殿の中に翼を持った巨大な龍が棲んでいたというC014	
1539	0x019852	57	 昔話を聞いた事があるGN本当にそんな生物がいるのだろうか…	
1540	0x01988c	68	この村から霧の正体を確かめに行った者は誰一人として帰ってきていまC016	
1541	0x0198d1	54	せん…GNどんな力があの霧の中にあるというのでしょうか…	
1542	0x019908	69	霧の中に向われるのですか？WNがんばってくださいね  U様GXあなただけC018	
1543	0x01994e	26	が、この世界の希望ですわ…	
1544	0x019969	70	私には聞こえます…GNスサノオのために犠牲になった人達の叫び声が…GXC020	
1545	0x0199ef	68	古き言い伝えでは世界が乱れるとき、破壊の神がよみがえるという…GXC022	
1546	0x019a75	46	変えているのは人間達の乱れた心なのでしょうな…	
1547	0x019aa4	70	このクマソの村は、世界の終りに現れるという敵と戦う力を与えられた村C025	
1548	0x019aeb	70	なのじゃGNしかし、今の長はその力を自分の征服欲のために使っておる…C026	
1549	0x019b32	64	GXそのような心の長では、世界を滅ぼすという敵と戦うことなどでC027	
1550	0x019b73	18	きないじゃろうな…	
1551	0x019b86	42	U様、Wもはやあなただけが世界の希望ですぞ！	
1552	0x019bb1	69	昔、この村にある男の鬼道師がいたのじゃWその男は権力欲が強く、いつC030	
1553	0x019bf7	64	もいざこざを起こしておったGXそしてある日、伝説のヤマの村でスC031	
1554	0x019c38	70	サノオの力を手に入れ、世界を征服すると言い残して、どこかに消えて行C032	
1555	0x019c7f	70	ったのじゃ…GXその男が消えてから、各地の混乱が多くなったような気もC033	
1556	0x019cc6	30	するので、覚えているのだがな…	
1557	0x019ce5	69	おまえがUか…WNよほどの豪傑かと思っていたが、実際会ってみるとそれC035	
1558	0x019d2b	68	ほどの男には見えんな…GXさて、このクマソの村は昔から強い戦士達のC036	
1559	0x019d70	70	住む村だGNおまえが今までに見てきた村などと比べてもらっては困るぞGXC037	
1560	0x019db7	70	このクマソこそが葦原の王として、君臨するための村なのだGX世界はスサC038	
1561	0x019dfe	70	ノオの復活ににおびえているようだが、スサノオなどわしにとっては敵でC039	
1562	0x019e45	70	はないGNなぜならわし達こそが、神からスサノオと戦うための力を与えらC040	
1563	0x019e8c	70	た者なのだからなGNスサノオと戦えるなら本望よWNわっはっはっ！GXさあC041	
1564	0x019ed3	69	、Uよ、おまえも男ならいくさで勝負しようではないかGNスサノオを倒すC042	
1565	0x019f19	68	男はわしかおまえかを決めてやるわGN帰っていくさの支度でもするんだな！	
1566	0x019f5e	68	何度も頼みに来るとは情けない男だ…GNおまえの顔など見たくもないわC044	
1567	0x019fa3	18	！WNとっとと帰れ！	
1568	0x019fb6	69	あなたが大国主のU様ですな！GNとうとうここまで来られたのですね…GXC046	
1569	0x019ffc	70	先祖からの言い伝えに従い、あなたを霧の中の大陸に送るために、ここでC047	
1570	0x01a043	70	お待ちしていたのですGXさっそくですが、あの霧の中の大陸で、いよいよC048	
1571	0x01a08a	69	スサノオが復活しようとしていますG早くなんとかしなければ、この葦原C049	
1572	0x01a0d0	69	中国の被害は恐ろしいものになってしまうでしょうGXU様には一刻も早くC050	
1573	0x01a116	50	、スサノオを倒すために大陸に向ってもらいたいのです	
1574	0x01a149	68	しかし、この葦原中国の混乱が鎮まらないかぎり、あなたの力でも復活C052	
1575	0x01a18e	70	したスサノオを倒すことは不可能でしょうGXスサノオを倒すためには、こC053	
1576	0x01a1d5	70	の葦原中国の混乱を鎮めて、スサノオの欲する、怒りや憎しみの力を断たC054	
1577	0x01a21c	18	なければなりません	
1578	0x01a22f	13	おお！　U様！	
1579	0x01a23d	70	とうとう、この世界から混乱をなくしてくれたのですな！GNいよいよあなC057	
1580	0x01a284	70	たをあの霧の中の大陸へ、お送りする時がきましたGXただし、あの霧の中C058	
1581	0x01a2cb	66	に入ってしまうと、スサノオの力により、外に出ることは無理なようC059	
1582	0x01a30e	70	ですGNスサノオを倒せば、この大陸にまた戻ってくることも可能なのでしC060	
1583	0x01a355	70	ょうが…GXですから、同行される仲間や持ち物など準備を十分に整えてくC061	
1584	0x01a39c	52	ださいGN準備が整いましたら、また私の所に来てください	
1585	0x01a3d1	35	霧の中へ向う準備はよろしいですか？Y	
1586	0x01a3f5	22	それでは参りましょう！	
1587	0x01a40c	50	では、準備が整いましたら、また私の所に来てください	
1588	0x01a43f	70	まずはこのクマソを治めて、すべての村をひとつにしてくださいGNそしてC066	
1589	0x01a486	66	、それぞれの村が豊かになって初めて、スサノオの力が弱まるのですC067	
1590	0x01a4c9	29	からGXがんばってくださいU様！	
1591	0x01a4e7	70	すべての村はひとつにまとまり、世界の混乱は一段落しましたGNしかし、C069	
1592	0x01a575	69	でと状況は変わらず、スサノオの力を増してしまうことになりますGXU様C071	
1593	0x01a5bb	58	の村で人口が少ない所があれば、指導により人口を増やしてC072	
1594	0x01a5f6	70	くださいGXどの村の人口も三千人ぐらいになれば、豊かになったと言えるC073	
1595	0x01a63d	56	でしょうGXすべての村が豊かになったら、また私の所に来C074	
1596	0x01a676	29	てくださいGN頼みましたぞU様！	
1597	0x01a694	22	ただし、あの霧の中C058	
1598	0x01a6ab	12	しかし、C065	
1599	0x01a6b8	8	むむっ！	
1600	0x01a6c1	70	フフフ…　WUよ、早くヤマの神殿へ来い…GNそこがおまえの死に場所になC079	
1601	0x01a708	26	るのだGXわっはっはっはっ！	
1602	0x01a723	70	U様…　W今のがスサノオの声なのでしょうかGNすでに復活してしまったのC081	
1603	0x01a76a	69	だろうか…GXいや！　Wとにかく参りましょうGN私も命をかけてお供しまC082	
1604	0x01a7b0	8	すので！	
1605	0x01a7b9	48	SUF005は武人を制して、ここで残るよう命じた…F007	
1606	0x01a7ea	61	そんな…　Wあなただけでは、あの危険な霧の中をNあっ！　U様っ！	
1607	0x01a828	68	霧の中の大陸に渡るときには、薬の準備を忘れないでくださいGN特に非C086	
1608	0x01a86d	70	時香の実はハヤトの村で手に入るので、多めに持っていくようにしてくだC087	
1609	0x01a8b4	58	さいGXあの霧の中の大陸では何が起こるかわからないですからな	
1610	0x01a95e	34	SUF005は老人に事情をたずねた…F007	
1611	0x01a981	69	そうですか…　Wスサノオ様を倒しにここへ参られたのですか…GXこのヤC003	
1612	0x01a9c7	48	マの村は長い間、スサノオ様の復活を願いつつ、C020	
1613	0x01a9f8	70	葦原の大陸ではスサノオ様は破壊の神として恐れられているようですが、C005	
1614	0x01aa3f	70	この村では力の神として、崇められてきましたGX心正しき人が力を求めれC006	
1615	0x01aa86	70	ば、その力は強い助けとなるでしょうGNしかし、一歩間違えれば、その力C007	
1616	0x01aacd	66	はすべてを破壊しつくしてしまうものになってしまいますGXこのことC008	
1617	0x01ab10	70	を恐れてアマテラス様は、スサノオ様の魂を地中深くに封印されたのですC009	
1618	0x01ab9a	70	ものとして、復活させてしまいました…GNこの村やチヌマの村の者も、葦C011	
1619	0x01abe1	64	原から来た男の術によってだまされ、その男の欲望のために犠牲とC012	
1620	0x01ac22	70	なってしまいました…GXもはや、復活したスサノオ様を食い止められるのC013	
1621	0x01ac69	70	は、あなたの力しかありませんGN葦原の混乱が収まっているのなら、悪しC014	
1622	0x01acb0	32	き力も弱まっているはずですGXC018	
1623	0x01acd1	68	この村の先の神殿の中でスサノオ様は龍となり、復活されるでしょうGNC016	
1624	0x01ad16	65	さあU様、神殿に向ってくださいGXあなただけが、世界を救える力をC017	
1625	0x01ad58	48	持っているのですよ！GXがんばってください！NU様！	
1626	0x01ad89	70	そして、この村に伝わるこの剣をあなたが使うことによって、戦いに勝つC019	
1627	0x01add0	24	ことも可能になるはずです	
1628	0x01ade9	28	ここで暮らしてきましたGNC004	
1629	0x01af15	59	SF005高い神殿の上では、男が空に向って祈りを捧げていた…F007	
1630	0x01af51	42	ふふふ…　WそこにいるのはわかっているぞU！	
1631	0x01af7c	70	よくぞ、スサノオ様の結界の中に入り込めたなGNしかし、この大陸からはC006	
1632	0x01afc3	70	二度と出ることはできんぞGXさて、UよN多くの生け贄の血により、いよいC007	
1633	0x01b00a	70	よスサノオ様が復活するときが来たGXスサノオ様はその力を信じる者に大C008	
1634	0x01b051	70	いなる力を与えてくださるというGNわしが力を得たあかつきには、わしはC009	
1635	0x01b098	64	葦原に戻り、世界の王として君臨するGNこのわしをばかにした愚かC010	
1636	0x01b0d9	70	者達を踏みにじり、富と栄誉を我が物とするのだ！GXさあ、せっかくここC011	
1637	0x01b120	60	まで来ていただいたのだからな、少しおもてなしするとしようか…	
1638	0x01b15d	58	さあ、この男をおまえたちと同じように、死人としてやるのだ！	
1639	0x01b198	69	さすがはUだな…GNしかし、スサノオ様の力はおまえにも、もう止められC014	
1640	0x01b1de	21	ぬわ！WNさらばだUよ！	
1641	0x01b238	20	生け贄に…GNううっ…	
1642	0x01b24d	57	早く、Wあの妖術師を…　W倒して…　Wく…Wださ…Wい…W…W…	
1643	0x01b379	69	pは気が付くと暗闇の中で倒れていたGX自分は何者なのか？GNどこから来C001	
1644	0x01b3bf	70	たのか？GNそしてここはどこなのか？GX自分に対する記憶はなく、暖かくC002	
1645	0x01b406	58	包むような、ぼんやりとした感覚が頭の中を満たしていた…F007	
1646	0x01b441	45	目覚めましたかU？GNさあ、こちらへおいでなさい	
1647	0x01b46f	68	私の名はアマテラスGNあなたをここへ呼んだのはこれから重要な使命をC005	
1648	0x01b4b4	70	あなたに与えるためですGXまずあなたにはこの世界の成り立ちからお話しC006	
1649	0x01b542	70	の高天の原GN人間達が住む地上界の葦原中国GNそして黄泉の国へ続く、地C008	
1650	0x01b65d	70	今まで以上に強く欲望を抱くようになってしまいましたGX今、葦原中国にC012	
1651	0x01b6eb	68	せる力を持っていますGNそしてその力の元は破壊神スサノオなのですGXC014	
1652	0x01b7bc	66	すGXスサノオが復活し、地上が闇に包まれれば世界は滅びてしまうでC017	
1653	0x01b7ff	68	しょうGNそこで世界のためにあなたに重要な使命を伝えますGNまずはこれを	
1654	0x01b844	68	葦原中国を救うためにはあなたが大国主となり、すべての村をひとつにC019	
1655	0x01b8d0	70	戻れば、スサノオの力は弱まりますGNその時に私は力を取り戻し、世界にC021	
1656	0x01b917	69	光を与えることができるでしょうGXUよ時間はもう長くは残されていないC022	
1657	0x01b95d	36	のですGN一刻も早く、世界を救うのです	
1658	0x01b982	68	さあ、この光の中に入りなさいGX地上に降りたらまず黄泉比良坂に向うC024	
1659	0x01b9c7	66	のですGNそこに私が残した、大国主になるための武器が置いてありまC025	
1660	0x01ba0a	68	すGNその武器を手に入れ、そして使命を果たすために力を尽くしてください	
1661	0x01ba4f	65	あなたが最後の希望なのですGNW平和を望む大国主となり世界を救うC027	
1662	0x01ba91	36	のですW…W…W…W　がんばるのですよ…	
1663	0x01bac0	34	SUF005は武器や防具を授かった！F007	
1664	0x01bce9	67	アマテラスから聞いているであろうWNそう、Wわしの名はスサノオ…GNC002	
1665	0x01bd2d	68	力と争いの神だGXさて、おまえがこの洞窟にやってきた理由は…WNわしC003	
1666	0x01bd72	68	には遥か昔からわかっておるGXおまえが大国主になるためにここに来るC004	
1667	0x01bdb7	69	ことがな…GN隠しても無駄なのだUよGXわしはおまえが大国主になれるかC005	
1668	0x01bdfd	70	を見極めなければならぬGNそのためにはおまえは二つの神器を手に入れなC006	
1669	0x01be44	64	ければならないGXこの部屋の二つの扉はそれぞれ神器がある部屋にC007	
1670	0x01be85	68	つながっているGNそこに何が待っているかは行ってからのお楽しみだがC008	
1671	0x01beca	27	、Wまずは左の扉を進むがよい	
1672	0x01bee6	70	首尾よく神器を得て、ここに戻ってこれたら右の扉も開けてやろうGXそれC010	
1673	0x01bf2d	23	ではがんばるのだぞUよ…	
1674	0x01bf45	66	SF005広場には大きな石像とその前に立つ一人の女性の姿があったGNUC012	
1675	0x01bf88	58	F005が近付くとその女性は不気味な男の声で話しはじめた…F007	
1676	0x01bfc3	68	…W…W…WW！？GNこ、Wここは…W　私はなぜ…WN！！　もしかして…GXC014	
1677	0x01c008	45	あなたは大国主になられるというU様なのですね！	
1678	0x01c036	70	申し遅れましたが、私は神術を学んでいるスセリという者ですGX実はアマC016	
1679	0x01c07d	70	テラス様のお告げであなたを捜していたのですGXアマテラス様は夢の中でC017	
1680	0x01c0c4	70	この世界を救うために選ばれた人が地上に現れるGNそして、その人の手助C018	
1681	0x01c10b	70	けをせよと告げられたのですGNそれで私は天上界に通じるという天の真奈C019	
1682	0x01c152	48	井を探していたのですGXしかし、その途中で穴にC020	
1683	0x01c183	69	落ちてしまって…Wそれからの記憶がないのですGNきっとこの洞窟の中にC021	
1684	0x01c1c9	68	満ちている何者かの力に操られていたのかも知れませんGXでも、やっとC022	
1685	0x01c20e	70	捜していた人に会えましたWN力は弱い私ですが、どうかお供をさせてください	
1686	0x01c255	37	SF005スセリヒメが仲間に加わった！F007	
1687	0x01c27b	68	私はこれでも多少の神術の心得があるつもりですWNさあ、行きましょうC025	
1688	0x01c2c4	62	SUF005達が近付くと大蛇は鎌首をもたげて襲いかかってきた！！F007	
1689	0x01c303	60	SUF005達に気付くと大百足は牙を剥いて飛びかかってきた！！F007	
1690	0x01c340	66	無事に二つの神器を得て帰ってくるとは…WUよおまえの力はなかなかC029	
1691	0x01c383	70	のものだGXしかし、わしにはおまえの気持ちが理解できんGNなぜそれほどC030	
1692	0x01c40d	34	栄誉を我がものにしたくはないのか？	
1693	0x01c430	39	SF005スサノオの力が強まっている！！F007	
1694	0x01c458	68	弱い者に情けなど持つな！WNすべての人間をおまえに服従させろ！GX争C034	
1695	0x01c49d	70	いを、憎しみをこの世界に溢れさせるのだ！GNフフフ…W　さあ、Wその力C035	
1696	0x01c4e4	39	をわしが与えてやろうWN前にでるのだUよ…	
1697	0x01c50c	33	SF005どこからか声が聞こえる…F007	
1698	0x01c52e	55	Uよ目覚めなさいWNスサノオの言葉に惑わされてはいけません	
1699	0x01c566	26	SUF005は正気に戻った！F007	
1700	0x01c581	69	スサノオよ、Wおまえに最後の希望を奪われるわけにはいきませんGN私のC040	
1701	0x01c5c7	46	残された力にかけてもおまえの復活は許しません！	
1702	0x01c5f6	70	くっ…W　アマテラスよ、Wおまえにまだこれほどの力が残っているとはなC042	
1703	0x01c63d	70	…GXしかし、もう手遅れだったわWNこの葦原はもう憎しみによって満ち溢C043	
1704	0x01c684	68	れているGXわしの力を求める者達によって、深い闇の中からわしは再びC044	
1705	0x01c710	68	もわしは止められぬわGXアマテラスよ、Wおまえの最期ももうすぐだWそC046	
1706	0x01c755	44	して、Wこの世界の終りもなGXまた会おうUよC047	
1707	0x01c782	57	、Wそしてその時がおまえの最期なのだGNわっはっはっはっ！！	
1708	0x01c7bc	67	ううっ…WW残念ながら…W　私の力が及ばなかったようです…GN封印をC049	
1709	0x01c800	68	解き、いよいよスサノオは復活に近付いていますGXUよ、W急ぐのですWNC050	
1710	0x01c845	68	今すぐに世界を混乱から救えば、スサノオの復活を防ぐことができるのC051	
1711	0x01c88a	68	ですGXまずはイズモの村に向ってくださいWNイズモの長はスサノオの力C052	
1712	0x01c8cf	70	に囚われてしまっていますGX彼を倒し、まずイズモの村を手に入れるのでC053	
1713	0x01c916	68	すGXそしてすべての村をひとつにまとめ、世界を混乱から救うのですGXC054	
1714	0x01c95b	55	UよWNこれから苦難が待ち受けていますが、がんばるのでC055	
1715	0x01c993	46	すGN私も力ある限りあなた達を助けましょうGXC056	
1716	0x01c9c2	30	…W…W…Wさあ、Wお行きなさい…	
1717	0x01c9e1	36	SUF005は生太刀を扉に向けて掲げたF007	
1718	0x01ca06	39	SF005扉は何者かの力によって開いた…F007	
1719	0x01ca2e	36	SUF005は突起物を壁に押し込んだ！F007	
1720	0x01ca53	69	SF005突起物は壁に吸い込まれるように入っていったGNそしてどこかで石C061	
1721	0x01ca99	18	の動く音がしたF007	
1722	0x01caac	37	SF005壁には怪しい突起物が出ているF007	
1723	0x01cad2	44	S「黄泉の扉を開く者に禍あれ」Wと書かれている	
1724	0x01caff	54	S「扉の前で大国主の証である剣を見せよ」Wと書かれている	
1725	0x01cbf7	52	sSF005めりこんだ仕掛けを引くと、扉が動き出した！F007	
1726	0x01cc2c	69	うーい………W　酔っ払っちまったなあぁ…Wあれ！？W　誰だおまえ達はC002	
1727	0x01cc72	53	！GNちきしょう！　W親分に告げ口されてたまるか！GNC003	
1728	0x01cca8	32	このまま許すわけにはいかねえぞ！	
1729	0x01ccc9	69	おや？　Wおまえがイナバの長に頼まれて、おれ達をこらしめるだとか言C005	
1730	0x01cd0f	68	ってる野郎か！GXあのくそおやじも自分じゃかなわないからって、代わC006	
1731	0x01cd54	68	りにどこの者かもわからない奴をよこすとは…GXこんなことだから誰もC007	
1732	0x01cd99	65	ついていかねえんだ！GXみんな！W　こいつをたたんで送り返してやれ！	
1733	0x01cddb	64	いてて…　Wあんた強いな…GNそうか、Wあんた噂の大国主ってやつか…	
1734	0x01ce1c	69	それならこの村、Wいやこの世界をよくしてくれよ！GX今、みんなは飢えC010	
1735	0x01ce62	69	や争いでいらいらしてるWそして世界はもう終りだなんて言い出す奴もいC011	
1736	0x01cea8	70	る始末だ…GNこのままじゃ本当にこの世界は終っちまうよ…GXおれ達ももC012	
1737	0x01ceef	70	うどうでもいいって気持ちになって、ばかなことばかりしてたけど…GXあC013	
1738	0x01cf36	70	んたみたいな人が先頭に立ってやってくれれば、きっといい世界になるはC014	
1739	0x01cf7d	70	ずだGNおれもこれからはまじめにやっていくから一緒に働かせてくれよ！C015	
1740	0x01cfc4	70	いやだって言ってもついて行くからな！GXそれじゃ先にイナバの村に帰っC016	
1741	0x01d00b	49	ててくれよW荷物をまとめておれもすぐに行くからさ！	
1742	0x01d03d	47	SF005仕掛けを押すとどこかで扉の開く音がしたF007	
1743	0x01d06d	43	SF005この階のどこかに変化があったようだF007	
1744	0x01d20e	70	いう噂があって、村の者は誰も近付かないのですGXU様、W私は万が一のたC002	
1745	0x01d255	32	めに村に戻って応援を呼んできます	
1746	0x01d276	56	私もすぐに戻りますが、注意して進んでくださいGNそれでは！	
1747	0x01d2af	69	SF005広場には祭壇のようなものがあり、長らしき男が何か呪文を唱えてC005	
1748	0x01d2f5	46	いるGNどうやら何かのために祈っているようだF007	
1749	0x01d324	28	そこにいるのは誰だ！！GXC007	
1750	0x01d341	68	…WおまえはU…WNどうしてここを…GXまあ、見られたからには仕方がなC008	
1751	0x01d386	70	い、本当のことを話してやろうGXわしは人間達がこの世界に現れる前、そC009	
1752	0x01d3cd	70	う世界が闇に包まれていたころからここに住んでいたのだ…GXしかし世界C010	
1753	0x01d414	70	が光を得て、人間達が増えるに従って、わしらのような異形のものは追いC011	
1754	0x01d45b	70	やられていったGNしかし、今またスサノオ様がこの世界に戻られようとしC012	
1755	0x01d4a2	70	ているGXスサノオ様の力で世界が闇に包まれれば、またわしらは力を取りC013	
1756	0x01d4e9	70	戻すことができるのじゃGXWさあ、Wおまえもスサノオ様の生け贄にしてやる…	
1757	0x01d530	36	ググググ………Wググ………Wギギギ……	
1758	0x01d555	31	ス…Wスサノオ…Wさ…Wま…W…W…	
1759	0x01d5ba	66	あるGXおまえがこのわしの復活を邪魔しようとしても、この葦原中国C018	
1760	0x01d5fd	69	には混乱や憎しみ、そして欲望が満ち満ちておるGXそうだ、Wわしは望まC019	
1761	0x01d643	70	れて復活するのだWNもうおまえなどにこのわしは止められんわGXまあ、せC020	
1762	0x01d68a	58	いぜい悪あがきをするがよいGNはっはっはっはっはっはっ………	
1763	0x01d6c5	57	はあはあ…　Wお怪我はありませんかU様GXやっ！W　この血は…	
1764	0x01d6ff	50	SUF005はいままでの出来事をタケミミスギに告げたF007	
1765	0x01d732	66	そうですか…　W長は殺され、W代わりに鬼が…GXな、Wなぜ…　WこんC024	
1766	0x01d775	31	なことに…GNうっ…W　うううっ…	
1767	0x01d795	70	U様、Wこんな悲しい形になってしまいましたが…GNこれからはキビの村をC026	
1768	0x01d7dc	69	U様の御指導でよくしてくださいGX私達も精いっぱい努力することを誓いC027	
1769	0x01d822	29	ますWさあ、村に帰りましょう…	
1770	0x01d840	51	SF005仕掛けを押すと、どこかで扉の開く音がした…F007	
1771	0x01d874	55	SF005仕掛けを押すと、足元に落し穴が開いてしまった！F007	
1772	0x01d8ac	43	S「扉を開くなかれ」と、石版には書かれている	
1773	0x01d996	70	rよくぞここまで来たなUよWN私がこの山の主であるオオモノヌシだGX私はC001	
1774	0x01da24	64	私の活動により、生活が安定して豊かになっていったGX私は使命をC003	
1775	0x01da65	64	終了して帰還するはずだったがこの地上の世界が気に入ってしまっC004	
1776	0x01daed	68	は長い年月の間、世界を見守ることになったGXしかし、今この世界にはC006	
1777	0x01db79	66	わりに欲望と憎しみに心を囚われつつあるGX今の世界の乱れはすべてC008	
1778	0x01dc03	70	をしようとしているGNこのままでは取り返しのつかないことになってしまC010	
1779	0x01dc4a	70	うのだGXUよ、W早くすべての村をまとめて混乱から救うのだGNそうすればC011	
1780	0x01dc91	64	、乱れた心が欲するスサノオの力を弱められるだろうGXさあ、私もC012	
1781	0x01dcd2	66	人間の姿となり力を貸そうGN愛する世界が、このまま滅びるのを見てC013	
1782	0x01dd15	26	いるわけにはいかないからな	
1783	0x01dd30	70	では、わしはミワの村に戻っているとするかGNミワ村はおまえに譲るようC015	
1784	0x01dd77	34	にしておこうGXそれではまた後でな！	
1785	0x01dd9a	54	SUF005が仕掛けを押すと、どこかで木のきしむ音がしたF007	
1786	0x01ddd1	13	S「生命の泉」	
1787	0x01dddf	37	S「宝あり、注意せよ」と、書かれている	
1788	0x01de05	41	S「意味なき物に意味あり」と、書かれている	
1789	0x01de2f	43	SF005どこからか引き返せと声が聞こえる…F007	
1790	0x01de5b	70	SF005広場の中央では大蛇がこちらを見ていたGNUF005が身構えると、そのC022	
1791	0x01dea2	28	蛇は低い声で話し始めた…F007	
1792	0x01debf	33	SF005ミワの村を譲り受けた！！F007	
1793	0x01dee1	37	S「この先、迷いの森」と、書かれている	
1794	0x01e06f	30	は心の中に話しかけてきた…F007	
1795	0x01e08e	70	あなたは私の言葉が聞こえるのですね？GX私は猟師の矢によって、足に怪C003	
1796	0x01e0d5	70	我をしてしまいましたGNその猟師はまだ私を捜していますGNしかし、私にC004	
1797	0x01e11c	70	はまだ育てなければならない子供がいるのですGXお願いですU様N怪我の手C005	
1798	0x01e163	19	当てをしてくださいY	
1799	0x01e177	36	SUF005は怪我の手当てをしてあげたF007	
1800	0x01e19c	54	どうもありがとうございましたGNこの御恩はわすれません…	
1801	0x01e1d3	55	SF005鹿は足を引きずりながら、森の奥に消えていった…F007	
1802	0x01e20b	70	なぜですか…GN親の私が死ねば、子も死んでしまいますGNいくら人間が食C010	
1803	0x01e252	70	べるものに困っているとしても、すべてを捕らえてはやがて何も残らなくC011	
1804	0x01e299	66	なってしまうのですよ…GXお願いですU様WN怪我の手当てをしてくださいY	
1805	0x01e2dc	60	そうですか…GNこれも自然の定めとあきらめることにしましょう…	
1806	0x01e319	69	SF005道には白い着物の女性が立っているGN近付くとその女性は小さな声C014	
1807	0x01e35f	18	で話し始めた…F007	
1808	0x01e372	70	私は山の神のお怒りを静めるために、ここで祈りを捧げています…GNしかC016	
1809	0x01e3b9	70	し、私には疑問に思うことがあるのですGX私達は動物や木の実などの山のC017	
1810	0x01e400	45	幸を生活のために得てはいけないのでしょうか？Y	
1811	0x01e42e	68	そうですか、では私の祈りなどは不要ですねGN私は帰ることにしましょう…	
1812	0x01e473	59	SF005話を終えると、女性は静かに森の奥へと消えていった…F007	
1813	0x01e4af	63	それでは人間のためなら、いくらでも動物を捕らえてもよいのですねY	
1814	0x01e4ef	30	本当にそれでよいのでしょうか…	
1815	0x01e50e	67	そうですか、W人間だけのことを考えていてはいけないということですね…	
1816	0x01e552	69	SF005大きな白い猪はじっとこちらを見ているGNそして心の中に話しかけC024	
1817	0x01e598	12	てきた…F007	
1818	0x01e5a5	70	Uよ、Wおまえがどういう理由でここまで来たのかは知らぬが、まずはわしC026	
1819	0x01e5ec	68	の話を聞くがよい…GXわしはこのイブキの山などを治めている山の神だC027	
1820	0x01e631	70	GN以前、人間達は山の幸を得るためにわしに敬意をはらってきたGNそしてC028	
1821	0x01e678	70	わしも人間達に幸を与えてきたのだGXしかし人間は増え、次第にすべてがC029	
1822	0x01e6bf	70	自分達のものだと思うようになっていったGN手当たり次第に動物を殺し、C030	
1823	0x01e706	70	自然の調和を乱すようになったのだGXそれでわしは人間達に嫌気がさし、C031	
1824	0x01e74d	70	この山に入る者に罰を与えるようになったのだGXわしはさっきも言ったよC032	
1825	0x01e794	70	うに自然を司る神だGN人間達に危機が迫っていようが、わしには関係はなC033	
1826	0x01e7db	70	いGXしかしおまえが昔のように人間が自然を敬うように指導するならば、C034	
1827	0x01e822	70	力を貸してやろうと思っていたのだGXそれでわしはおまえにその力があるC035	
1828	0x01e869	52	かを試すためにここに来るまでの間の行動を見ていたのだ	
1829	0x01e89e	60	おまえならば、人間と自然が共に歩めるような世界にできるだろう	
1830	0x01e8db	56	おまえはまだ若いが、そのうち世界をよくする力がつくだろう	
1831	0x01e914	70	おまえは力があるが、この世界をよくすることはできないだろうGNどうしC039	
1832	0x01e95b	50	ても村を助けたいのだったら、このわしと戦うんだな！	
1833	0x01e98e	70	さあ、村に帰るがよいGN長にはわしから伝えておこうGXそれからこのことC041	
1834	0x01e9d5	70	は忘れないようにすることだGNそれは人間だけでは世界は成り立たないとC042	
1835	0x01ea1c	70	いうことだGX自然と共に歩まねば人間達も滅びてしまうぞ…GNそれでは行C043	
1836	0x01ea63	13	くがよいUよ…	
1837	0x01eba5	73	p蚪SUF005は波の打ち寄せる音で目覚めたGNいつのまにか気を失ってしまったC001	
1838	0x01ebef	70	ようだ…GXあたりを見回すと、海とも陸とも違う、見たこともないようなC002	
1839	0x01ec36	30	美しい風景が広がっていた…F007	
1840	0x01ec55	69	あなたがアマテラス様から、人間の世界を救う使命を与えられたというUC004	
1841	0x01ec9b	70	様ですねGXここは竜宮の城WN遠き海のかなたにありますGNそして私はこのC005	
1842	0x01ece2	69	城の主、海王ですGXこの城は海における自然、W風や波、そして海の幸のC006	
1843	0x01ed28	69	均衡を保つために、人間達が生まれる前からここにあるのですGXさて、WC007	
1844	0x01ed6e	64	あなたがはるばるこの城をお訪ねになったわけをお聞きしましょうか…	
1845	0x01edaf	44	SUF005はヤイヅの村の窮状を海王に告げた…F007	
1846	0x01eddc	69	そうですか…　Wそれで私の所においでになったというわけですか…GX私C010	
1847	0x01ee22	70	は長い間、この海の自然と人間達を見守ってきましたGN人間と自然は共存C011	
1848	0x01eeb0	70	の力のために乱れていますGNそして、自然も人間達の勝手な振舞いによっC013	
1849	0x01ef3e	70	漁師達が海の幸を得るために、自然の均衡を無視したことから、起こったC015	
1850	0x01ef85	70	ことなのですGN海に暮らすものは無尽蔵ではなく、微妙な均衡が保たれてC016	
1851	0x01efcc	69	いなければ、以前のような豊かな幸をもたらすことはできませんGXU様がC017	
1852	0x01f053	70	ヅの村のような事はなくなるはずですGXしかし、現在その猶予を許さないC019	
1853	0x01f0e1	70	力を強めてしまっていることですGXスサノオとは力、しかし、乱れた人のC021	
1854	0x01f128	70	心はその力を悪しきものに変え、この世に呼び戻そうとしていますGNスサC022	
1855	0x01f16f	46	ノオが現れれば、世界は滅亡へと向ってしまいます	
1856	0x01f19e	67	ヤイヅの村のことは私の力でなんとかしましょうGNU様は一刻も早く、C024	
1857	0x01f229	70	城、そして自然の終りも意味しますGN私はあなたの力と正しい心に世界のC026	
1858	0x01f270	32	未来を托すことにしましょうGXC027	
1859	0x01f291	68	それから、あなたに贈り物がありますGNこれから起こるであろう苦難のC028	
1860	0x01f2d6	20	助けになると思います	
1861	0x01f2eb	16	贈り物をこれへ！	
1862	0x01f2fc	57	さあ、急いでくださいU様GNあなたは世界の希望なのですから…	
1863	0x01f479	69	てと、Wワナミの村ではおれが大悪人になっているようだが、あんたはあC002	
1864	0x01f4bf	70	の長にだまされてるぞGXどうせおれを倒したら村を譲るなんてことを言わC003	
1865	0x01f506	70	れて来たんだろうが、あの野郎があんたに村を譲るわけがないよGXあいつC004	
1866	0x01f54d	70	は心の底から汚い奴なんだよGN奴は村を自分のものにするために、元の長C005	
1867	0x01f594	69	だったおれの親父をだまし討ちで殺したのさGXそして、Wおれは一人で逃C006	
1868	0x01f5da	70	げのびて、恨みを晴らすためにここに戻って来たってわけさGXまあ、信じC007	
1869	0x01f621	55	る信じないはあんたの勝手だWNどうする、おれと戦うのか？Y	
1870	0x01f659	25	本当におれと戦うんだな？Y	
1871	0x01f673	69	そうか…　Wそれならば仕方がないGNあんたに恨みはないが、あいつを倒C010	
1872	0x01f6b9	32	す邪魔をする奴は消えてもらうぜ！	
1873	0x01f6da	62	ううっ…　Wこんな所で果てるとは…GN親父よ…　Wすま…Wな…Wい…	
1874	0x01f719	29	うわーっ！　W親方がやられたー	
1875	0x01f737	69	Uさんよ、よくぞ承知してくれたGNこれで無駄な争いをしなくてすんだわC014	
1876	0x01f77d	69	けだGXみんな！　Wよく聞いてくれ！GN今からワナミに乗り込み、あの長C015	
1877	0x01f7c3	46	をぶっ飛ばしにいくぜ！GN準備がすんだら出発だ！	
1878	0x01f7f2	16	おーーーーっ！！	
1879	0x01f803	69	Uさんよ、妙な話にまきこんでしまってすまないなGNしかし、ワナミの長C018	
1880	0x01f849	70	のような、欲に囚われた男がいる限り、この世界はよくならないぜGXあいC019	
1881	0x01f890	70	つには父を殺された恨みもあるが、それ以上に生かしておいては世界のたC020	
1882	0x01f8d7	70	めにならない男なんだよGXまあ、あいつはおれがきっちり倒すから、もうC021	
1883	0x01f91e	64	少しおれにつき合ってくれよGNそれじゃあ、ワナミの村に行くとするか	
1884	0x01f95f	35	大国主のU様ですな？GNどうぞこちらへ	
1885	0x01faa3	32	、たくましくなったものだ…GXC002	
1886	0x01fac4	68	わしはおまえが倒したオロチを使い、復活のための力を蓄えていたのだC003	
1887	0x01fb09	66	GNわしがこの世界に姿を現すためには多くの血と憎しみ、そして怒りC004	
1888	0x01fb4c	70	の力が必要なのだGXまだ復活するためには力が足りぬGNしかし、わしは必C005	
1889	0x01fb93	70	ずこの世界に姿を現して見せるGNそして、その時がおまえの最期となるのC006	
1890	0x01fbda	48	だGXそれまで、達者で暮らせよ　U！Nはっはっはっ…	
1891	0x01fc0b	70	…W…W…Wはっ！　WU様っ！GNオロチがそこまで来ています！N離れてくだC008	
1892	0x01fc59	64	こんな危険な所まで、私を助けるために…WありがとうございますU様！	
1893	0x01fc9a	66	U様の御無事をお祈りしておりますGN必ず、W必ず無事で帰ってきてくC011	
1894	0x01fcdd	12	ださいNU様！	
1895	0x01fcea	60	SUF005はサヨリヒメに、安全な場所に逃げているように命じたF007	
1896	0x01fd27	52	SUF005は酒船に八遍醸みの酒をなみなみとそそいだ…F007	
1897	0x01fd5c	49	SF005オロチは酒船にそそがれた酒を飲み始めた…F007	
1898	0x01fd8e	61	SF005するとオロチは強い酒のために酔って、眠ってしまった！F007	
1899	0x01fdcc	58	SF005酒を飲み干すと、オロチはUF005に襲いかかってきた！F007	
1900	0x01fe34	64	sw6wSUF005が近付くと沼の中から、不気味な怪物が姿を現した！！F007	
1901	0x01fe75	47	SF005力尽きた怪物は沼の底へと沈んでいった…F007	
1902	0x01ff52	56	t鑼SF005仕掛けを押すと、どこかで木のきしむ音がした…F007	
1903	0x01ff8b	65	SF005仕掛けを押したが、どこに変化があったかはわからなかった…F007	
1904	0x01ffcd	70	SF005山の頂上には一本の錆びた矛が刺さっていたGNUF005はその矛を力をC003	
1905	0x020014	22	込めて引き抜いた！F007	
1906	0x02002b	68	Uよ、よくぞここまでやってきたな…GN私はニニギノミコトN天上界からC005	
1907	0x020070	65	降ってきたものだGXUが矛を抜いたことにより、この地上と天上とのC006	
1908	0x0200b2	64	間に少しの隙間ができたGNそして私はこの世界を救う力を貸すためC007	
1909	0x0200f3	69	にやってきたのだGXまあ、Uの力ならば、私が手伝うこともないだろうがC008	
1910	0x020139	65	なGXスサノオの力はUの働きによって、勢いを失いつつあるようだGNC009	
1911	0x02017b	70	しかし、それでもまだその力は強大なものだGN早く、世界をひとつにまとC010	
1912	0x020208	40	サノオを封じ込めることは無理だろうGXC012	
1913	0x020231	68	さあ、UよN私達は世界を救うために、もう一働きしなければならないGNC013	
1914	0x020276	70	これから、力を合わせて戦おうではないかGXそれでは私はヒムカの村に共C014	
1915	0x0202bd	22	の者と帰っているからな	
1916	0x0202d4	22	それでは、また後でな！	
1917	0x0203ca	69	くそっ！　Wもう少しだというのに、また邪魔をしにくるとは…GNこうなC002	
1918	0x020410	50	ったら、ここでわしがおまえの息の根を止めてやるわ！	
1919	0x020443	69	ううっ…　Wこんなところで…　W果てることになるとは…GXしかし、UよC004	
1920	0x020489	70	…　Wもう、スサノオ様の魂はこの世界に現れておるのだ…GNそして、WそC005	
1921	0x0204d0	69	の魂が龍の身体に宿るとき、W完全にスサノオ様は復活するのだ…GXそうC006	
1922	0x020516	32	なれば…　Wおまえも…　Nうぐっ！	
1923	0x020537	53	SF005仕掛けを動かすと、どこかで扉の開く音がした…F007	
1924	0x02056d	43	SF005この階のどこかで変化があったようだF007	
1925	0x020599	33	SF005どこかで扉が開いたようだF007	
1926	0x0205bb	66	むむっ！　W貴様がUか…GNこの洞窟から、生きて帰すわけにはいかんぞ！	
1927	0x0205fe	8	うぐっ…	
1928	0x0206b5	36	sSF005どこかで扉が開いたようだ…F007	
1929	0x0206da	37	SF005どこかに変化があったようだ…F007	
1930	0x020700	25	S「宝物庫」と書かれている	
1931	0x02071a	70	フフフ…　Wとうとうやって来たなU！GXこのわしの姿が見えるか？GN愚かC004	
1932	0x020761	68	な人間達の願いによって、わしはこの世界にこうして戻ることができたC005	
1933	0x0207a6	69	GX少しばかり来るのが遅かったようだなUよGXさあ、まずはおまえの力がC006	
1934	0x0207ec	36	どれくらいのものか見せてもらおうか！	
1935	0x020811	70	多少はできるようだな…GNしかし、これで終ったわけではないぞGXいよいC008	
1936	0x020858	70	よ、わしは新たな身体を得るGNそして、この世界を焼き尽くすのだ！GXもC009	
1937	0x02089f	48	う誰にもわしは止められんのだGNわっはっはっはっ！	
1938	0x0208d0	68	SF005宙に浮かぶ祭壇の上には、巨大な龍の石像が横たわっていた…GNUC011	
1939	0x020915	54	F005が近付くと、その石像は低い唸りをあげはじめた！F007	
1940	0x02094c	69	グググググググ………GXいよいよ…　Wおまえと決着をつける時が来た…C013	
1941	0x020992	47	GNこの龍の強大な力を思い知るがよい…GX行くぞU！	
1942	0x0209c2	66	おお…W…W…　Wこのわしが…　W敗れるとは…Wその…　Wおまえの力は…	
1943	0x020a05	70	Uよ…W　おまえはこのわしとの戦いに勝った…GNよくぞここまで戦った…C016	
1944	0x020a92	70	った…GNこのわしの負けだ…GXさあ、アマテラスよ、この世界をおまえのC018	
1945	0x020ad9	22	光で包んでやるがよい！	
1946	0x020af0	47	S「いにしえの龍、この神殿に眠る」と書かれている	
1947	0x020dc0	68	したがって、長の許しなしに、あなたの話を聞くわけにはいかないのだC002	
1948	0x020e05	26	GNどうぞお引き取りください	
1949	0x020e47	47	ここに他の村の者は入ってはいかん！N出て行かれよ	
1950	0x020e77	31	ここは宝物庫ですN何をしますか？	
1951	0x020e97	24	引き出すものがありません	
1952	0x020eb0	61	これ以上U様は所持品を持てませんGX必要なものがあるのなら、C020	
1953	0x020eee	48	不用な品を捨てるか、宝物庫に預けるかしてください	
1954	0x020f1f	68	この宝物庫にはもう物が入りませんGXどうしてもその品を預けたいならC022	
1955	0x020f64	46	何か引き出すか、他の村に預けるなどしてください	
1956	0x020f93	31	U様は預けるものがありませんが…	
1957	0x020fb3	55	鉄鉱などの元になるものがないと武器などは作れないよNC025	
1958	0x020feb	22	手に入れたらまたおいで	
1959	0x021002	40	鉄鉱などがあれば武器や防具を作りましょう	
1960	0x02102b	24	何を作って欲しいんだい？	
1961	0x021044	28	どれを元に作ればいいんだい？	
1962	0x021061	26	銀塊からは刀しかできないよ	
1963	0x02107c	59	残念ですが私の腕ではこの材料は扱えないよN他をあたってくれよ	
1964	0x0210b8	53	この鉱石からはいいものが作れそうだよN始めていいかな？	
1965	0x0210ee	54	それではこの村自慢のものを作ってやろう始めていいかな？	
1966	0x021125	47	あまりいいものは期待できないよN始めていいかな？	
1967	0x021155	49	そこそこのものができると思うけどN始めていいかな？	
1968	0x021187	51	できあがりは期待してもらっていいよN始めていいかな？	
1969	0x0211bb	53	この材料で作れる最高のものができるよN始めていいかな？	
1970	0x0211f1	20	%sができあがりました	
1971	0x021206	47	原石をお持ちでないようですねNまたおいでください	
1972	0x021236	38	宝石の原石があれば装飾品を作りましょう	
1973	0x02125d	20	どれを加工しますか？	
1974	0x021272	61	残念ですが私の腕ではこの材料は扱えませんN他をあたってください	
1975	0x0212b0	36	この材料で作りますがよろしいですか？	
1976	0x0212d5	47	まずまずのものができるでしょうNよろしいですか？	
1977	0x021305	57	素晴らしいものをお渡しできることでしょうNよろしいですか？	
1978	0x02133f	20	%sができあがりました	
1979	0x021354	10	またどうぞ	
1980	0x02135f	37	交換するものがないようだねNまたおいで	
1981	0x021385	58	私の品はすべて珍しいものばかりだよ欲しいものがあれば、C049	
1982	0x0213c0	40	それに見合う価値のものと交換してあげよう	
1983	0x0213e9	36	これはあなたが持っていたほうがいいよ	
1984	0x02140e	45	これではあなたが損をするよNそれでもいいかな？	
1985	0x02143c	35	まあこれならいいかなN交換するかい？	
1986	0x021460	61	交換したらあなたの出した品は手に戻らないがNそれでもいいかな？	
1987	0x02149e	41	よし、それでは交換しようNまた来てくれよ！	
1988	0x0214c8	29	そうですかNでは、やめましょう	
1989	0x0214e6	19	S所持品がありません	
1990	0x021500	23	Sどれを引き出しますか？	
1991	0x021518	19	Sどれを預けますか？	
1992	0x02152c	34	S%sを引き出しますNよろしいですか？	
1993	0x02154f	30	S%sを預けますNよろしいですか？	
1994	0x02156e	36	Sこれ以上U様は米・木の実を持てません	
1995	0x021593	32	Sこれ以上U様は肉・魚を持てません	
1996	0x0215b7	19	S薬は預けられません	
1997	0x0215cb	29	Sもう、米・木の実は入りません	
1998	0x0215e9	25	Sもう、肉・魚は入りません	
1999	0x021603	17	S宝物はありません	
2000	0x021615	27	S道具は一つも持っていません	
2001	0x021631	27	ここにはよい稲がN実りそうだ	
2002	0x02164d	33	この土地はきっとNよい耕地になるわ	
2003	0x02166f	54	この地形から見て、Nここには何かの鉱脈がNあるに違いない	
2004	0x0216a6	31	この場所には鉱脈がNあるのでは…	
2005	0x0216c6	48	こういう場所にはN何か埋まっていることがN多いんだ	
2006	0x0216f7	39	よくこういう所でNきれいな石を見つけたわ	
2007	0x02171f	42	N飾り物のよい材料がN埋まっていそうな土地だ	
2008	0x02174a	39	ここには大きくてNきれいな石がありそうよ	
2009	0x021772	33	資源を発掘しますNよろしいですか？	
2010	0x021794	34	残念ながら何も発見できませんでした	
2011	0x0217b7	52	%sが見つかりましたN量は見当で%w程度とN見受けられます	
2012	0x0217ec	22	すでに発掘されています	
2013	0x021803	37	S隊列を変更する人物を選択してください	
2014	0x021829	44	S%sのNファイルにセーブします.Nよろしいですか	
2015	0x021856	31	Sどのファイルにセーブしますか？	
2016	0x021876	60	S初期設定に戻りますか？N（いいえの場合はゲームを終了します）	
2017	0x0218b3	36	Sゲームを終了しますNよろしいですか？	
2018	0x0218d8	31	SF005特に変わったものはないF007	
2019	0x0218f8	31	SF005何か仕掛けがあるようだF007	
2020	0x021918	28	SUF005は仕掛けを引いた！F007	
2021	0x021935	28	SUF005は仕掛けを押した！F007	
2022	0x021952	39	SF005もう動かすことはできないようだF007	
2023	0x02197a	29	SF005特に変化は見られないF007	
2024	0x021998	35	SF005どこかに変化があったようだF007	
2025	0x0219bc	49	SF005しかし、持ち物がいっぱいなのであきらめたF007	
2026	0x0219ee	35	SF005ここには動かせるものはないF007	
2027	0x021a12	16	SUは箱を開けた！	
2028	0x021a23	49	SF005いろいろ試してみたが、何も起こらなかったF007	
2029	0x021a55	22	これではまだ足りないな	
2030	0x021a6c	67	これ以上、ものを持てないようだねN違うものと交換するか、持ち物をC101	
2031	0x021ab0	26	宝物庫に預けてくれないか？	
2032	0x021acb	63	どうやらこれとは交換できないようだねNほかのものにしてくれないか	
2033	0x021b0b	21	S使える術はありません	
2034	0x021b21	27	S移動できる場所がありません	
2035	0x021b3d	31	Sここではこの術は使用できません	
2036	0x021b5d	17	S気力が足りません	
2037	0x021b6f	17	Sこれは使えません	
2038	0x021b81	25	Sこれはここでは使えません	
2039	0x021b9b	23	Sこの村には誰もいません	
2040	0x021bb3	12	は毒を受けた	
2041	0x021bc0	14	は混乱していく	
2042	0x021bcf	16	は身体がしびれた	
2043	0x021be0	16	は眠ってしまった	
2044	0x021bf1	8	は倒れた	
2045	0x021bfa	16	は動けなくなった	
2046	0x021c0b	24	の身体から毒が抜けていく	
2047	0x021c24	22	の身体のしびれがとれた	
2048	0x021c3b	16	は眠りから覚めた	
2049	0x021c4c	14	は正気に戻った	
2050	0x021c5b	10	は復活した	
2051	0x021c66	18	の効果がなくなった	
2052	0x021c79	20	しかし、術は失敗した	
2053	0x021c8e	16	は毒を受けている	
2054	0x021c9f	14	は混乱している	
2055	0x021cae	24	は身体がしびれて動かない	
2056	0x021cc7	12	は眠っている	
2057	0x021cd4	12	は倒れている	
2058	0x021ce1	20	は動くことができない	
2059	0x021cf6	14	は術をかわした	
2060	0x021d05	28	しかし、何も効果がなかった…	
2061	0x021d22	30	しかし、%sには効果がなかった…	
2062	0x021d41	29	Sしかし、何も起こらなかった…	
2063	0x021d5f	18	術の対象がいません	
2064	0x021d72	70	SUは長い年月の末に力尽きた…NG葦原中国を救う、希望の光は静かに消えC135	
2065	0x021db9	12	てしまった…	
2066	0x021dc6	30	SUは激しい戦いの末に力尽きた…	
2067	0x022091	31	b戦いをしていたほうがいいと思う	
2068	0x0220b1	28	戦いに力を発揮すると思います	
2069	0x0220ce	28	戦いをしてこそ力が生きるんだ	
2070	0x0220eb	24	戦いで敵をなぎ倒したいわ	
2071	0x022104	31	U様の戦いのお手伝いをしたいです	
2072	0x022124	28	村の仕事をしているほうがいい	
2073	0x022141	26	村の仕事をしたいと思います	
2074	0x02215c	24	村人と共に働いていたいよ	
2075	0x022175	30	村の仕事をしているほうがいいわ	
2076	0x022194	34	村人の指導をしているほうがいいです	
2077	0x0221be	26	とても合っていると思います	
2078	0x0221d9	18	ぴったりだと思うよ	
2079	0x0221ec	14	とっては最高よ	
2080	0x0221fb	10	は適職です	
2081	0x022206	10	適している	
2082	0x022211	16	はよいと思います	
2083	0x022222	20	はいいんじゃないかな	
2084	0x022237	14	は向いているわ	
2085	0x022246	14	は向いています	
2086	0x022255	20	はあまり適していない	
2087	0x02226a	22	はあまり合っていません	
2088	0x022281	14	は向いてないな	
2089	0x022290	14	はまあまあかな	
2090	0x02229f	20	は得意とはいえません	
2091	0x0222b4	20	まったく適していない	
2092	0x0222c9	24	はまったく合っていません	
2093	0x0222e2	18	やらせても無駄だよ	
2094	0x0222f5	18	全然向いてないわよ	
2095	0x022308	14	向いていません	
2096	0x022317	70	すべての村をまとめて、平和な世界にするという使命を与えられた人物でC031	
2097	0x02235e	35	すN全体的に優れた能力を持っています	
2098	0x022382	25	%sはF005%sF007のようですN	
2099	0x02239c	14	呪力を持つ道具	
2100	0x0223ab	20	不思議な力を持つ道具	
2101	0x0223c0	19	%sで作られていますN	
2102	0x0223d4	35	F005%sF007などの人物が装備できますN	
2103	0x0223f8	10	武人や猟師	
2104	0x022403	14	神術師や鬼道師	
2105	0x022412	43	戦闘中に使用すると特殊な効果があるようですN	
2106	0x02243e	36	またこれはとても貴重なもののようです	
2107	0x022463	47	これを使用するとF005%sF007に効果があるようですN	
2108	0x022493	51	戦闘中に毒を受けたり、麻痺した場合に効果がありますN	
2109	0x0224c7	55	戦闘中に眠ってしまったり、混乱した場合に効果がありますN	
2110	0x0224ff	37	戦闘中に使用すると効果があるようですN	
2111	0x022525	29	何か特殊な用途があるようですN	
2112	0x022543	35	道具として使用することはできませんN	
2113	0x022567	30	道具の価値の基本となるものです	
2114	0x022586	24	非常に高い価値があります	
2115	0x02259f	14	価値は低いです	
2116	0x0225ae	18	高い価値があります	
2117	0x0225c1	61	装飾品や武器の材料になりますNこれ自体には高い価値はありません	
2118	0x0225ff	25	S住民の健康が損なわれます	
2119	0x022619	31	S住民が暮らしていくには十分です	
2120	0x022639	54	S住民の生活にゆとりが生まれ、N文化の向上も期待できます	
2121	0x022670	60	S土器の作り方や土器による食物の保存法Nなどの技術を高めました	
2122	0x0226ad	68	S食中毒を起こさないよう毒のある食べ物Nや調理法などの知識を広めました	
2123	0x0226f2	50	S銅による武器や道具の作り方などのN知識を広めました	
2124	0x022725	50	S漁労に使う網や道具の作り方などのN技術を高めました	
2125	0x022758	50	S鉄による武器や道具の作り方などのN知識を高めました	
2126	0x02278b	46	S稲作の意義や重要性などについて、N説明しました	
2127	0x0227ba	50	S稲作における潅漑や治水など高度な技術Nを広めました	
2128	0x0227ed	48	S装飾品の材料の知識や製作方法のN技術を高めました	
2129	0x02281e	37	S鉄の武器による戦闘の技術を高めました	
2130	0x022844	33	S騎馬による戦闘の知識を深めました	
2131	0x022866	69	F002食料を生産する住民がいませんNこのままでは村の発展は望めませんF007	
2132	0x0228ac	41	現在、村の食料生産の中心はF006%sF007ですN	
2133	0x0228d6	67	理想的な状態になっているので、Nさらに稲作を推進するのがよいでしょう	
2134	0x02291a	42	ただしF002食料が足りていないのでF007、C142	
2135	0x022945	69	採集はあまり効率のよい職業ではないのNで、他の職業にも力をいれましょう	
2136	0x02298b	61	F002食料が足りていないのでNF007食料生産体制を再考してください	
2137	0x022a10	8	でしょう	
2138	0x022a19	69	漁労は比較的安定している職業ですがN他の職業に力を入れてもよいでしょう	
2139	0x022a5f	69	F002食料が足りていないので技術力をあげるNなどの効率化や他の食料生C075	
2140	0x022aa5	33	産職業のN強化に努めてくださいF007	
2141	0x022ac7	59	この村には広い平野があるので、N稲作を推進するといいでしょう	
2142	0x022b03	65	この村には広い海があるので、N漁労を中心に生産をするとよいでしょう	
2143	0x022b8b	39	ょうNまた資源の調査をするとよいでしょう	
2144	0x022bb3	69	山や平地を平均的に持っているのでN稲作を中心に手広く安定した食料供C081	
2145	0x022bf9	26	給ができるようにしましょう	
2146	0x022c14	69	この村は土地が狭いので、文化や職業のN技術力を高め、効率のよい食料C083	
2147	0x022c5a	26	生産をするようにしましょう	
2148	0x022c75	28	現在の人口の比率は理想的です	
2149	0x022c92	65	人口の比率は良い状態で、住民に過度のN労働を強いる必要もありません	
2150	0x022cd4	34	食料生産に就いている住民が多いです	
2151	0x022cf7	69	食料生産に就いている住民が多く、NF002住民は過度の労働を強いられてC088	
2152	0x022d3d	10	いますF007	
2153	0x022d48	47	文化の普及や軍備の強化に力を入れるNべきでしょう	
2154	0x022d78	69	しかし、まだF002食料生産量が足りませんF007N食料生産の住民を増やしC091	
2155	0x022dbe	31	、人口の減少をN防ぐべきでしょう	
2156	0x022dde	67	食料には余裕があるので、文化の向上やN軍備の充実などを目指しましょう	
2157	0x022e22	69	しかし、現状ではF002食料が足りないのでF007N食料生産の住民数を増やC094	
2158	0x022e68	41	すなどして、N人口の減少を防ぐべきでしょう	
2159	0x022ed8	21	していくNべきでしょう	
2160	0x022eee	69	しかし、まだF002生産が十分ではないF007のでN食料生産の住民をさらにC098	
2161	0x022f34	43	増やすか、技術N力を向上させるとよいでしょう	
2162	0x022f60	65	余裕ができたところで、文化的職業にもN力を入れていくとよいでしょう	
2163	0x022fa2	69	しかも食料はF002十分に生産されていませんF007N各食料生産職業の技術C101	
2164	0x022fe8	43	を向上させるなどNもっと効率化に努めましょう	
2165	0x023014	60	早く食料生産を安定させ、３０００人を越える村を目指しましょう	
2166	0x023051	51	軍事力や鍛冶などの文化的な職業Nにも力をいれましょう	
2167	0x023085	69	より村を発展させるために、技術N力の向上や文化の普及、軍事力の強化C105	
2168	0x0230cb	25	なNどを行なうべきでしょう	
2169	0x0230e5	70	生産は十分ですが、そろそろ耕地Nが足りなくなっているようですN新たなC107	
2170	0x02312c	26	耕地を開拓するべきでしょう	
2171	0x023147	69	しかし狩猟の住民が多く、このまNまでは乱獲によって、土地価値の大幅C109	
2172	0x02318d	35	なN減少を引き起こす可能性があります	
2173	0x0231b1	20	%sできる%sがいません	
2174	0x0231c6	22	%sできる%sがありません	
2175	0x0231dd	24	供給を受ける%sがいません	
2176	0x0231f6	22	%sする必要はありません	
2177	0x02320d	12	現在%s中です	
2178	0x02321a	68	手の空いている住民が少なく実行でNきませんN他の季節に行なってください	
2179	0x02325f	16	耕地がありません	
2180	0x023270	51	現在、耕地には稲が植えられているNため実行できません	
2181	0x0232a4	26	鍛冶と玉造の住民がいません	
2182	0x0232bf	26	発見された資源がありません	
2183	0x0232da	18	文化度が足りません	
2184	0x0232ed	30	文化はもう十分に広まっています	
2185	0x02330c	30	村に誰もいなくなってしまいます	
2186	0x02332b	30	命令を受けている人物がいません	
2187	0x02334a	20	仲間を変更できません	
2188	0x02335f	22	軽装の予備兵がいません	
2189	0x023376	26	軽装の予備兵が少なすぎます	
2190	0x023391	22	予備兵を配分できません	
2191	0x0233a8	24	攻め込める村がありません	
2192	0x0233c1	22	住民と軽装兵がいません	
2193	0x0233d8	24	私の剣の腕をお見せしよう	
2194	0x0233f1	26	あなたと共に戦えて光栄です	
2195	0x02340c	26	私の術をお目にかけましょう	
2196	0x023427	24	術の力をお見せしましょう	
2197	0x023440	24	私の術でお助けしましょう	
2198	0x023459	20	神の力でお助けします	
2199	0x02346e	22	おれの腕を見せてやるよ	
2200	0x023485	26	あたしの腕を見せてあげるわ	
2201	0x0234a0	34	足手まといにならぬようがんばります	
2202	0x0234c3	30	戦いは苦手ですが、がんばります	
2203	0x0234e2	28	戦いは得意ではありませんが…	
2204	0x0234ff	16	ちょっと戦いは…	
2205	0x023510	60	現状でNは狩猟など他の職業に力を入れ、N食料充足に努めましょう	
2206	0x023568	24	私の剣の腕をお見せしよう	
2207	0x023581	26	あなたと共に戦えて光栄です	
2208	0x02359c	26	私の術をお目にかけましょう	
2209	0x0235b7	24	術の力をお見せしましょう	
2210	0x0235d0	24	私の術でお助けしましょう	
2211	0x0235e9	20	神の力でお助けします	
2212	0x0235fe	22	おれの腕を見せてやるよ	
2213	0x023615	26	あたしの腕を見せてあげるわ	
2214	0x023630	34	足手まといにならぬようがんばります	
2215	0x023653	30	戦いは苦手ですが、がんばります	
2216	0x023672	28	戦いは得意ではありませんが…	
2217	0x02368f	16	ちょっと戦いは…	
2218	0x0236a0	60	現状でNは狩猟など他の職業に力を入れ、N食料充足に努めましょう	
